ticker,n,spec,window,dep,shock,cov_type,alpha,r2,beta,se,ci_low,ci_high,t,p
TLT,183,primary,m5_p5,car_raw,surprise_bps,HC1,0.2585264190616967,0.1048504152985057,-4.3730222496251345,1.168228588672771,-6.662708209133822,-2.0833362901164465,-3.7432933006658757,0.00018162401630272487
QQQ,212,primary,m5_p5,car_adj,surprise_bps,HC1,0.06328796232606484,0.05477150509362927,-3.088585804463685,1.2512650674472503,-5.5410202717733785,-0.6361513371539926,-2.468370519417454,0.013572974614904776
GLD,164,primary,m5_p5,car_raw,surprise_bps,HC1,0.05628871128082463,0.02588435696206448,-3.039129553569277,1.9736804792878144,-6.907472209963146,0.8292131028245917,-1.5398285515120058,0.12360215037990473
XLK,213,primary,m5_p5,car_adj,surprise_bps,HC1,0.20552446092793136,0.05269791184993067,-2.674496549046965,1.152053211660475,-4.932479352175196,-0.4165137459187347,-2.321504355855374,0.020259639281406137
IEF,183,primary,m5_p5,car_raw,surprise_bps,HC1,0.2125616264532601,0.1282467019373007,-2.3148098363271545,0.5492213406922954,-3.3912638836248563,-1.2383557890294528,-4.214712111166927,2.5009700633406243e-05
SPY,214,primary,m5_p5,car_raw,surprise_bps,HC1,0.13621471948587274,0.002361576130098575,-0.9271581801891973,2.501308891166909,-5.829633521086156,3.975317160707762,-0.3706692058159438,0.710883929158028
XLY,213,primary,m5_p5,car_adj,surprise_bps,HC1,-0.03542300131671319,0.001718920318682371,-0.4024914250272485,0.8300834011118639,-2.029424995371017,1.2244421453165202,-0.48488070534614613,0.6277609698248354
XLV,213,primary,m5_p5,car_adj,surprise_bps,HC1,0.11915538807283142,0.00016117343547539242,0.1175913733768001,0.9406086043266162,-1.7259676146518539,1.9611503614054542,0.12501626376359168,0.9005106747317404
XLI,213,primary,m5_p5,car_adj,surprise_bps,HC1,-0.005268703702631147,0.0038977974421194883,0.5085177815836976,0.9317956178217162,-1.3177680702991146,2.33480363346651,0.5457396148443727,0.5852449368184993
XLB,213,primary,m5_p5,car_adj,surprise_bps,HC1,-0.16032938222132764,0.002829630073559297,0.6499209535838579,0.8936046277166962,-1.1015119331591898,2.4013538403269057,0.7273025826248356,0.4670406163850698
XLRE,72,primary,m5_p5,car_adj,surprise_bps,HC1,-0.8435045112457047,0.00410535720104066,1.0328434685206465,3.431982607931898,-5.693718838593722,7.759405775635014,0.30094659166790905,0.7634552211846217
XLF,213,primary,m5_p5,car_adj,surprise_bps,HC1,-0.1339002629957401,0.011431460920505954,1.3050644433084764,1.2411081725504522,-1.127462875808733,3.737591762425686,1.0515315845729991,0.2930145110514515
XLU,213,primary,m5_p5,car_adj,surprise_bps,HC1,-0.07302486500751473,0.016233337647970303,1.6483699658572062,1.0888746813948798,-0.485785193354284,3.782525125068696,1.5138289043010873,0.1300692396537169
XLP,213,primary,m5_p5,car_adj,surprise_bps,HC1,0.04213002261541593,0.01960073818529784,1.6620610020763218,1.094038956944998,-0.482215951219641,3.8063379553722845,1.5191972749466551,0.12871284705159736
XLE,213,primary,m5_p5,car_adj,surprise_bps,HC1,-0.3317624541592824,0.017856333478621034,2.884228851123109,2.5034430908366154,-2.022429444262292,7.79088714650851,1.1521048198300528,0.2492780027883965
SPY,202,primary,m5_p5,car_raw,surprise_orth_bps,HC1,0.3145800165759819,0.09273537642730822,-5.598429214912473,1.5965656740453174,-8.72764043499421,-2.4692179948307356,-3.5065448956618153,0.00045396484731395604
TLT,171,primary,m5_p5,car_raw,surprise_orth_bps,HC1,0.234705067259824,0.06354230452822185,-3.690016694975072,1.1134509437062203,-5.8723404431913995,-1.507692946758745,-3.314036164622147,0.000919596124218415
GLD,152,primary,m5_p5,car_raw,surprise_orth_bps,HC1,0.06659527730800974,0.02736797877081354,-3.5438656704284908,2.3750062096167404,-8.198792304336289,1.1110609634793065,-1.4921500651572492,0.13565980956803225
XLRE,60,primary,m5_p5,car_adj,surprise_orth_bps,HC1,-0.35377920643321725,0.03323398902899921,-3.293386530066831,2.491732745180896,-8.177092969720507,1.5903199095868445,-1.3217254283937006,0.18625959797617364
QQQ,200,primary,m5_p5,car_adj,surprise_orth_bps,HC1,0.0205034768664306,0.030374521715028302,-2.5908295481016212,1.4373678102063112,-5.408018688643195,0.22635959243995293,-1.8024819602226578,0.07146961043705903
XLK,201,primary,m5_p5,car_adj,surprise_orth_bps,HC1,0.14207575348336743,0.03605840903027202,-2.499720993757977,1.3848025013215979,-5.21388402204929,0.21444203453333532,-1.8051101087500545,0.07105745352793742
IEF,171,primary,m5_p5,car_raw,surprise_orth_bps,HC1,0.20857284283556593,0.07609639621712938,-1.9684946103190963,0.543315948058327,-3.0333743007396516,-0.903614919898541,-3.623112145619866,0.0002910795432772307
XLE,201,primary,m5_p5,car_adj,surprise_orth_bps,HC1,-0.035593801854357954,0.0017819439460128317,-0.8461469432592686,1.443683459166627,-3.67571452830206,1.983420641783522,-0.5861028176825624,0.5578064229171324
XLI,201,primary,m5_p5,car_adj,surprise_orth_bps,HC1,0.06523174874085814,0.004820371428172154,-0.5776382970162152,0.6018611665966478,-1.7572645072389066,0.6019879132064759,-0.9597533934322329,0.33717934391964144
XLY,201,primary,m5_p5,car_adj,surprise_orth_bps,HC1,-0.025077345404201083,0.0010947779331553775,-0.3684361446075852,1.0078953810672395,-2.3438747916836484,1.6070025024684778,-0.3655499881520003,0.7147008994591775
XLF,201,primary,m5_p5,car_adj,surprise_orth_bps,HC1,-0.02452905771138611,9.81988455406313e-06,0.04160913332976108,1.0044404318562525,-1.927057937724352,2.0102762043838744,0.04142518760705946,0.9669569332214928
XLB,201,primary,m5_p5,car_adj,surprise_orth_bps,HC1,-0.16066451306778112,0.0011139195086538045,0.46654211239990145,1.1117573965458256,-1.712462344375932,2.645546569175735,0.4196438124445354,0.6747456771919969
XLV,201,primary,m5_p5,car_adj,surprise_orth_bps,HC1,0.10226924331108202,0.008661592784118155,0.9624960539272694,0.9173453845848464,-0.8354678612430743,2.7604599690976133,1.0492188330601961,0.294077412705275
XLU,201,primary,m5_p5,car_adj,surprise_orth_bps,HC1,0.029139480502652873,0.010532257038838977,1.4312275407265533,0.9008539274404275,-0.33441371238814366,3.1968687938412503,1.5887454082517711,0.11211788274779852
XLP,201,primary,m5_p5,car_adj,surprise_orth_bps,HC1,-0.014712396232822111,0.053636886495186054,3.073210541959951,1.060722587007747,0.9942324738366131,5.1521886100832885,2.897280193334382,0.003764134067280632
SPY,214,primary,m1_p1,car_raw,surprise_bps,HC1,0.24031295925177,0.06822001547253187,-2.8678724246479215,0.7305848294221987,-4.29979237796677,-1.4359524713290732,-3.9254475444228016,8.656863413858317e-05
GLD,164,primary,m1_p1,car_raw,surprise_bps,HC1,0.27375510753346044,0.02224626986601741,-1.944261039126519,1.2466654903080734,-4.38768050089931,0.49915842264627275,-1.559569150058094,0.11886173153815464
XLK,213,primary,m1_p1,car_adj,surprise_bps,HC1,0.28656605874329016,0.036345168382441506,-1.3069810404138376,0.8799060296688023,-3.0315651683443225,0.4176030875166471,-1.4853643415829154,0.13744733622175814
QQQ,212,primary,m1_p1,car_adj,surprise_bps,HC1,0.2992262862642325,0.03174418198589135,-1.2740541486667578,1.0491948948201462,-3.330438355277534,0.7823300579440187,-1.2143160007323113,0.22462707782780256
TLT,183,primary,m1_p1,car_raw,surprise_bps,HC1,0.3681023162571105,0.016079330377520074,-1.1380190523129208,0.9158315834450194,-2.9330159717694473,0.6569778671436063,-1.2426073449357515,0.21401256198384078
XLY,213,primary,m1_p1,car_adj,surprise_bps,HC1,0.08592630630468784,0.03640940286612748,-1.1320538325080551,0.6919209816468047,-2.4881940366833923,0.22408637166728193,-1.6361027668415449,0.10181808123769437
IEF,183,primary,m1_p1,car_raw,surprise_bps,HC1,0.21435455515670587,0.04787193220477648,-0.9437337533866448,0.3732200791847253,-1.6752316668958933,-0.21223583987739614,-2.528625350083439,0.011451018809917913
XLF,213,primary,m1_p1,car_adj,surprise_bps,HC1,-0.18743510227478122,0.012874485686580117,-0.8579368187270067,0.49909532340579504,-1.8361456774547356,0.12027204000072227,-1.7189838864297502,0.08561730603449835
XLB,213,primary,m1_p1,car_adj,surprise_bps,HC1,-0.05194500424384442,0.006131513942330913,-0.5908400732238602,0.7033285038262229,-1.969338610023699,0.7876584635759785,-0.8400627445206513,0.40087320737193866
XLI,213,primary,m1_p1,car_adj,surprise_bps,HC1,-0.043232096926078795,0.0035296680589729235,-0.25936831278263883,0.36381619935932297,-0.9724349605191562,0.45369833495387846,-0.7129102916235838,0.4759012703054587
XLRE,72,primary,m1_p1,car_adj,surprise_bps,HC1,-0.1789315695215536,0.0005996915550856574,0.23635106058779287,1.7425703444319465,-3.179024055026379,3.651726176201965,0.1356335836558954,0.8921109548568457
XLE,213,primary,m1_p1,car_adj,surprise_bps,HC1,-0.17963252214569303,0.0011872338266334381,0.39550096334209295,1.125337609692666,-1.8101202221039245,2.6011221487881104,0.3514509423088648,0.7252500702822187
XLU,213,primary,m1_p1,car_adj,surprise_bps,HC1,-0.3081260620380382,0.007954295737382044,0.7206211537304488,0.8470699539743429,-0.9396054484452644,2.380847755906162,0.850722127906187,0.39492372818386634
XLV,213,primary,m1_p1,car_adj,surprise_bps,HC1,0.03409021129476566,0.015445780739381187,0.7567847851052092,0.4650574614000468,-0.1547110899805089,1.6682806601909275,1.627293072187086,0.10367486856954382
XLP,213,primary,m1_p1,car_adj,surprise_bps,HC1,-0.19870065269008708,0.022513001912861874,1.1082481746231683,0.9634940516549905,-0.7801654659391876,2.996661815185524,1.150238730295775,0.2500455583185788
SPY,202,primary,m1_p1,car_raw,surprise_orth_bps,HC1,0.3253996130450412,0.07659206982552103,-3.2560174960431376,1.1282056202382142,-5.467259878865711,-1.0447751132205645,-2.886014249207204,0.0039015449267148085
XLY,201,primary,m1_p1,car_adj,surprise_orth_bps,HC1,0.12087285252859148,0.05569318963042669,-1.4784368932723886,0.5206048935971656,-2.4988037348981402,-0.45807005164663717,-2.839844403030863,0.004513554354316895
XLK,201,primary,m1_p1,car_adj,surprise_orth_bps,HC1,0.2542706924745923,0.030178957546349583,-1.3487430589307454,1.060001880432669,-3.4263085681235097,0.7288224502620184,-1.2723968549755957,0.20323215095485625
QQQ,200,primary,m1_p1,car_adj,surprise_orth_bps,HC1,0.2716311849784958,0.02778230682605165,-1.3454910381466332,1.2209235007177701,-3.7384571274320253,1.0474750511387594,-1.1020273074894789,0.27044979996876295
XLRE,60,primary,m1_p1,car_adj,surprise_orth_bps,HC1,0.181515056435274,0.01681616004838793,-1.281846601843512,1.4444795331757714,-4.112974463273254,1.5492812595862302,-0.8874107056576277,0.3748578217773396
TLT,171,primary,m1_p1,car_raw,surprise_orth_bps,HC1,0.3380286151375512,0.01722173680497896,-1.2092956208272017,0.8627553953765309,-2.900265123232817,0.48167388157841357,-1.4016668308396156,0.161014759919195
XLF,201,primary,m1_p1,car_adj,surprise_orth_bps,HC1,-0.09466254194991802,0.01760165275464254,-1.0911275033796959,0.822036387833817,-2.702289217515377,0.5200342107559853,-1.3273469636240462,0.18439393518739733
IEF,171,primary,m1_p1,car_raw,surprise_orth_bps,HC1,0.20097870319661088,0.04160958366947731,-0.9660219716750191,0.46897098889425914,-1.8851882197019005,-0.04685572364813758,-2.0598757589519723,0.03941041967733273
GLD,152,primary,m1_p1,car_raw,surprise_orth_bps,HC1,0.19780056566491233,0.0013755857514168301,-0.5377972542384181,1.9442805245017452,-4.348517058104485,3.2729225496276486,-0.276604763284474,0.7820836067877404
XLE,201,primary,m1_p1,car_adj,surprise_orth_bps,HC1,-0.1118625897100123,0.0005940096882595114,-0.2867022617464398,1.2684282690575386,-2.772775986071697,2.199371462578817,-0.22602954281322027,0.8211784430039855
XLI,201,primary,m1_p1,car_adj,surprise_orth_bps,HC1,0.022677439678121355,0.0007890362208395896,-0.12399033411448632,0.37748640450498605,-0.8638500915977775,0.6158694233688048,-0.32846304564817397,0.7425615810079571
XLB,201,primary,m1_p1,car_adj,surprise_orth_bps,HC1,-0.04886751695604,0.0009504629373979778,0.2626511016310651,0.815798912383297,-1.3362853852671444,1.8615875885292745,0.3219556898693932,0.7474862629805794
XLV,201,primary,m1_p1,car_adj,surprise_orth_bps,HC1,0.0217463402088115,0.01787138983471559,0.9035742007043369,0.5618260034898956,-0.19758453171393342,2.004732933122607,1.6082812028841726,0.1077736055637679
XLU,201,primary,m1_p1,car_adj,surprise_orth_bps,HC1,-0.2549921162367595,0.025784912636915402,1.2989123200803863,0.8261508627056331,-0.3203136166193494,2.918138256780122,1.5722459162318922,0.11589353051928762
XLP,201,primary,m1_p1,car_adj,surprise_orth_bps,HC1,-0.24496078902009355,0.0677172097667692,1.9661639555039634,0.8024043083796539,0.3934804100400705,3.5388475009678566,2.45034072595443,0.014272108908570714
SPY,214,primary,d0_p1,car_raw,surprise_bps,HC1,0.13600911143354288,0.04097774258294107,-1.769816661181612,0.8201199691789908,-3.3772222637745335,-0.16241105858869098,-2.1579972780730454,0.030928043425144377
GLD,164,primary,d0_p1,car_raw,surprise_bps,HC1,0.1836615128315886,0.025446725934639036,-1.7456693270436825,0.8939704945450424,-3.4978192995934263,0.006480645506061478,-1.9527147010954593,0.05085341072129748
QQQ,212,primary,d0_p1,car_adj,surprise_bps,HC1,0.27097966046721284,0.04562789671182732,-1.520945816830754,0.9927546444222662,-3.466709165383263,0.42481753172175557,-1.532046035116631,0.12551107512484044
XLK,213,primary,d0_p1,car_adj,surprise_bps,HC1,0.22421082282960578,0.03736978549699388,-1.3146402792726046,0.998482322406116,-3.2716296703885024,0.6423491118432934,-1.316638512041575,0.18795982320945526
TLT,183,primary,d0_p1,car_raw,surprise_bps,HC1,0.2478779312588609,0.026160835510220082,-1.3141444542826946,0.7237930752790396,-2.7327528140891,0.10446390552371118,-1.8156355720536015,0.06942629315398582
IEF,183,primary,d0_p1,car_raw,surprise_bps,HC1,0.14235371919900625,0.08022998049781827,-1.0721059748213513,0.3119664759144807,-1.6835490319976154,-0.46066291764508677,-3.436606358675691,0.0005890510265268884
XLY,213,primary,d0_p1,car_adj,surprise_bps,HC1,0.13089958914849037,0.03846819279704894,-0.9528211489373066,0.4919427438870538,-1.917011209411744,0.011368911537130641,-1.9368537513301893,0.05276322321287576
XLB,213,primary,d0_p1,car_adj,surprise_bps,HC1,-0.036998666746416865,0.014585501509081111,-0.7776482627139425,0.5215087657425171,-1.799786661191212,0.24449013576332695,-1.4911508948593366,0.1359218826368668
XLF,213,primary,d0_p1,car_adj,surprise_bps,HC1,-0.09224402758214556,0.0021507813996004543,-0.29489707544224564,0.6584460500675549,-1.5854276193373102,0.9956334684528192,-0.44786824283020604,0.654248288789452
XLI,213,primary,d0_p1,car_adj,surprise_bps,HC1,0.0316095896210671,0.006544209051257854,-0.2898921309817388,0.260745063449395,-0.8009430644891643,0.22115880252568665,-1.1117837751049144,0.2662311295478249
XLV,213,primary,d0_p1,car_adj,surprise_bps,HC1,0.005364330212393784,0.007959017130826918,0.46314856670038224,0.47396549119477327,-0.4658067259562095,1.392103859356974,0.9771778226572493,0.3284811253286931
XLRE,72,primary,d0_p1,car_adj,surprise_bps,HC1,-0.18762944805616416,0.006325626706474963,0.6068581161493922,1.5811860452243913,-2.492209585347736,3.70592581764652,0.3837993119040404,0.701127198103793
XLU,213,primary,d0_p1,car_adj,surprise_bps,HC1,-0.21389351635397044,0.006975075372145811,0.6334194920023408,0.9573224623406538,-1.2428980557765428,2.5097370397812244,0.6616574006355496,0.5081908116001681
XLE,213,primary,d0_p1,car_adj,surprise_bps,HC1,-0.17009193467753192,0.011454847699353676,1.0598091799861475,0.992830953297766,-0.886103731214042,3.005722091186337,1.0674618639415987,0.2857633257192287
XLP,213,primary,d0_p1,car_adj,surprise_bps,HC1,-0.2001651631375252,0.026979048978489573,1.1296539356107482,0.9863056110274098,-0.8034695397527464,3.0627774109742427,1.145338648569601,0.2520689019598231
SPY,202,primary,d0_p1,car_raw,surprise_orth_bps,HC1,0.2497740233886275,0.09142878493810769,-2.731249657583808,0.7803274594948976,-4.260663374341444,-1.2018359408261705,-3.500132699869018,0.00046502660209027244
XLK,201,primary,d0_p1,car_adj,surprise_orth_bps,HC1,0.24058498955530655,0.0454560816921864,-1.6456821266018329,1.1347701287795071,-3.8697907097415456,0.57842645653788,-1.4502339151029937,0.14699330045024556
QQQ,200,primary,d0_p1,car_adj,surprise_orth_bps,HC1,0.2796273279664458,0.03443725906485362,-1.5132014566953966,1.1907904314923867,-3.8471078155553853,0.8207049021645917,-1.2707537923351808,0.2038162520394029
TLT,171,primary,d0_p1,car_raw,surprise_orth_bps,HC1,0.21528242482833454,0.01751650749701994,-1.0941255124650358,0.7130354985953549,-2.4916494094104915,0.30339838448041995,-1.5344614884117407,0.12491616063832112
IEF,171,primary,d0_p1,car_raw,surprise_orth_bps,HC1,0.13894132914043628,0.06635261093265432,-1.0713491962230062,0.366291357306095,-1.7892670643912447,-0.3534313280547675,-2.9248552412000333,0.0034461649110011077
XLY,201,primary,d0_p1,car_adj,surprise_orth_bps,HC1,0.14584718809205172,0.03856482275134043,-1.0180582522931323,0.4036902268688505,-1.8092765578668828,-0.22683994671938157,-2.5218798586963946,0.01167295681831703
GLD,152,primary,d0_p1,car_raw,surprise_orth_bps,HC1,0.11356246071891914,0.00336293232918472,-0.7099993840853706,1.5469087536737383,-3.7418848286556403,2.321886060484899,-0.4589794856349478,0.646248897727792
XLRE,60,primary,d0_p1,car_adj,surprise_orth_bps,HC1,0.10199812266565467,0.007354486022678186,-0.6851184694101344,1.1431437183383029,-2.925638986506408,1.555402047686139,-0.5993283770181029,0.5489539282675316
XLF,201,primary,d0_p1,car_adj,surprise_orth_bps,HC1,-0.03105377438619982,0.005230669900387008,-0.4948381809137186,0.6159437002538346,-1.702065649915569,0.7123892880881317,-0.8033821609179418,0.4217538826379742
XLI,201,primary,d0_p1,car_adj,surprise_orth_bps,HC1,0.04999506489568271,0.0013500765092021583,-0.13974448944603668,0.29573013722499814,-0.7193649075501211,0.4398759286580477,-0.4725405762068677,0.636540986449974
XLB,201,primary,d0_p1,car_adj,surprise_orth_bps,HC1,-0.05640041686596694,0.00014850229842011675,0.08737803932458706,0.6610664676863374,-1.2082884287277456,1.3830445073769198,0.13217738850134228,0.8948439855477651
XLE,201,primary,d0_p1,car_adj,surprise_orth_bps,HC1,-0.1903778797582605,0.005597856873073126,0.7202740985829492,1.1031494004245044,-1.441858995816034,2.8824071929819324,0.6529252504744867,0.5138044694753469
XLV,201,primary,d0_p1,car_adj,surprise_orth_bps,HC1,0.002691073959015574,0.016339281062767164,0.7258449657532673,0.5010610052723651,-0.2562165586380024,1.7079064901445369,1.4486159531786251,0.14744486350189542
XLU,201,primary,d0_p1,car_adj,surprise_orth_bps,HC1,-0.18944922553020493,0.023751665334074468,1.1458915969050107,0.8882603144887405,-0.5950666283891425,2.886849822199164,1.2900402936098254,0.19703666834067568
XLP,201,primary,d0_p1,car_adj,surprise_orth_bps,HC1,-0.24884491839589237,0.06867371547430223,1.8239328550766403,0.8422756927196472,0.17310283229260634,3.4747628778606745,2.165482004101642,0.030350792081042386
TLT,183,primary,d0_p5,car_raw,surprise_bps,HC1,0.32394917192418077,0.10377983613914332,-3.7315529158542553,0.9582563151194881,-5.6097007814465165,-1.853405050261994,-3.894107304045219,9.856101664696642e-05
GLD,164,primary,d0_p5,car_raw,surprise_bps,HC1,0.09710301874960361,0.02775024385054925,-2.608154005501375,1.2995092300174362,-5.155145293912927,-0.06116271708982331,-2.007029996598316,0.044746469097711454
QQQ,212,primary,d0_p5,car_adj,surprise_bps,HC1,0.2321989558487902,0.05717753810520543,-2.401410378729076,0.8502687763957956,-4.067906557643776,-0.7349141998143762,-2.824295617332221,0.0047384658384683675
XLK,213,primary,d0_p5,car_adj,surprise_bps,HC1,0.2593890421287551,0.050650737811913316,-2.027441883637251,0.7394547770047286,-3.476746614762616,-0.5781371525118862,-2.7418064588746125,0.006110233254492444
IEF,183,primary,d0_p5,car_raw,surprise_bps,HC1,0.190962609920788,0.13014140050762857,-1.8835636864112957,0.3761615948776219,-2.6208268647385813,-1.1463005080840103,-5.007325872871426,5.519144195854621e-07
XLY,213,primary,d0_p5,car_adj,surprise_bps,HC1,0.0025875339800782854,0.005615527064604553,-0.5054107337162436,0.5278784812350251,-1.5400335451505955,0.5292120777181084,-0.9574376521918151,0.3383464015875387
SPY,214,primary,d0_p5,car_raw,surprise_bps,HC1,0.20170911168907898,0.0014692141373335854,-0.4954471062657644,1.586510772169427,-3.6049510808026723,2.6140568682711436,-0.31228726268796775,0.7548222192637353
XLV,213,primary,d0_p5,car_adj,surprise_bps,HC1,-0.07867047522117278,6.173463893976994e-06,-0.01940089150635361,0.7639053773173506,-1.5166279186448415,1.4778261356321343,-0.0253969825091228,0.9797383179419182
XLB,213,primary,d0_p5,car_adj,surprise_bps,HC1,-0.07715169060644422,2.8757275391866344e-05,0.05116393584623176,0.6579679957738356,-1.2384296388504883,1.340757510542952,0.0777605235738828,0.9380185489487755
XLI,213,primary,d0_p5,car_adj,surprise_bps,HC1,0.02038668794127595,0.00010220596339760579,0.062395848193590134,0.6233907161084256,-1.1594275036755572,1.2842192000627375,0.10009107704250395,0.920272019247237
XLU,213,primary,d0_p5,car_adj,surprise_bps,HC1,-0.27944553385668025,0.0037525888240050875,0.657717697386376,0.8102553059363357,-0.9303535205313247,2.245788915304077,0.8117413024852873,0.41694008935394766
XLP,213,primary,d0_p5,car_adj,surprise_bps,HC1,-0.18340178784537203,0.011274249399474079,1.0210092084330953,0.8817753359185816,-0.7072386924230324,2.749257109289223,1.157901754384486,0.24690413151506796
XLRE,72,primary,d0_p5,car_adj,surprise_bps,HC1,-0.6135443263934535,0.009054674902402193,1.2598399129017837,3.674571958292957,-5.94218878395323,8.461868609756797,0.3428535152396497,0.7317086638764829
XLF,213,primary,d0_p5,car_adj,surprise_bps,HC1,-0.16252949842014913,0.01820673175193921,1.3490807422128306,0.8613602808158963,-0.3391543858996334,3.0373158703252945,1.5662212110999087,0.11729683866150949
XLE,213,primary,d0_p5,car_adj,surprise_bps,HC1,-0.09455840366873813,0.012216226212747427,1.8049619399865622,1.5659822565887989,-1.2643068833562456,4.87423076332937,1.152606890909694,0.24907177355271226
TLT,171,primary,d0_p5,car_raw,surprise_orth_bps,HC1,0.23390750201471028,0.06573865961834635,-2.982567240989955,0.9543111767793143,-4.852982777521447,-1.1121517044584621,-3.1253613219283056,0.001775867814618392
XLK,201,primary,d0_p5,car_adj,surprise_orth_bps,HC1,0.24535177721856272,0.05578507685218659,-2.4066386625343976,0.8734991625527297,-4.118665561663646,-0.694611763405149,-2.7551699712008806,0.00586616522566987
XLRE,60,primary,d0_p5,car_adj,surprise_orth_bps,HC1,-0.23890961842347264,0.031228739030701225,-2.354856826951169,1.5939746645618813,-5.4789897617617696,0.7692761078594321,-1.4773489687795152,0.13958211787855718
SPY,202,primary,d0_p5,car_raw,surprise_orth_bps,HC1,0.27594246686589263,0.03537778756788523,-2.2711990010615017,0.9151327853553813,-4.064826301429873,-0.4775717006931305,-2.4818245367304894,0.013071162163549838
QQQ,200,primary,d0_p5,car_adj,surprise_orth_bps,HC1,0.22917876646421081,0.0398167295472891,-2.251548839160554,0.9077393634705616,-4.030685298912168,-0.4724123794089399,-2.480391321306375,0.01312382639780702
IEF,171,primary,d0_p5,car_raw,surprise_orth_bps,HC1,0.17603250310057938,0.10504814324652023,-1.8281230042975063,0.47864080198059267,-2.7662417377108355,-0.890004270884177,-3.819404857949471,0.00013377404437116158
GLD,152,primary,d0_p5,car_raw,surprise_orth_bps,HC1,-0.011967039580355054,0.010451114148486207,-1.790806260812048,2.1939972764894686,-6.090961904910373,2.509349383286277,-0.8162299379320329,0.4143686371086909
XLI,201,primary,d0_p5,car_adj,surprise_orth_bps,HC1,0.059640401840518054,0.0012264891048993087,-0.2172358224177197,0.4974958478750795,-1.1923097667110931,0.7578381218756538,-0.4366585637761288,0.6623589839680419
XLY,201,primary,d0_p5,car_adj,surprise_orth_bps,HC1,-0.03386619274597198,0.00034344720148882235,-0.1370768478601238,0.6278619712629427,-1.367663698797814,1.0935100030775664,-0.21832322092130232,0.8271772831384956
XLV,201,primary,d0_p5,car_adj,surprise_orth_bps,HC1,-0.06174270583916977,5.678605995940167e-05,0.06514615331824043,0.7570688575851329,-1.4186815413655032,1.5489738480019843,0.08605049945660287,0.9314262733050797
XLU,201,primary,d0_p5,car_adj,surprise_orth_bps,HC1,-0.2001355078715084,0.0011996703289895994,0.38928871485659455,0.8460160532277387,-1.2688722798124947,2.047449709525684,0.46014341379383034,0.6454132842600433
XLE,201,primary,d0_p5,car_adj,surprise_orth_bps,HC1,-0.029575910386176935,0.001321987313317119,0.5542057384916641,1.2755439248495943,-1.9458144149124061,3.054225891895734,0.4344858124403777,0.6639356952072628
XLB,201,primary,d0_p5,car_adj,surprise_orth_bps,HC1,-0.07025065307928482,0.0039072209288081305,0.678644994893754,0.7726685691921064,-0.8357575727088692,2.1930475624963774,0.8783131888014257,0.37977378043132426
XLF,201,primary,d0_p5,car_adj,surprise_orth_bps,HC1,-0.10551909860770482,0.016860816188949967,1.355915623397632,0.9414991472119888,-0.48938879661304063,3.2012200434083047,1.4401665975086992,0.14982027096654946
XLP,201,primary,d0_p5,car_adj,surprise_orth_bps,HC1,-0.19398242431360757,0.021406923854925375,1.4532342314749662,0.8804844412114993,-0.2724835622474468,3.178952025197379,1.6504939365826772,0.09884195245284773
