meeting_id,meeting_date,announcement_timestamp,scheduled,emergency,target_before,target_after,target_after_asof,raw_change_bps,surprise_bps,surprise_orth_bps,surprise_source,date_validated_official,official_source,official_release_title,hf_tnote02_bps,hf_tnote10_bps,hf_tbond_bps
FOMC19880204,1988-02-04,1988-02-04 11:30:00,False,True,6.625,6.625,1988-02-04,0.0,-0.8690377564978502,-3.867131806661688,BauerSwanson2023_MPS_FRBSF,False,unmatched,,,-0.9101251422070534,-0.4994952977743132
FOMC19880205,1988-02-05,1988-02-05 11:30:00,False,True,6.625,6.625,1988-02-10,0.0,1.140857172877455,0.2540131204118785,BauerSwanson2023_MPS_FRBSF,False,unmatched,,,0.44925540523274793,-0.16312494401258099
FOMC19880211,1988-02-11,1988-02-11 11:30:00,True,False,6.625,6.5,1988-02-16,-12.5,0.930356302591996,-0.008516107709749532,BauerSwanson2023_MPS_FRBSF,False,unmatched,,,0.6775458031529612,0.0
FOMC19880330,1988-03-30,1988-03-30 11:30:00,True,False,6.5,6.75,1988-04-03,25.0,1.308818635362597,-4.212841080595666,BauerSwanson2023_MPS_FRBSF,False,unmatched,,,-1.4090668042596493,-1.2459238294468715
FOMC19880404,1988-04-04,1988-04-04 11:30:00,False,True,6.75,6.75,1988-04-04,0.0,3.036480351021392,-0.5194627469360008,BauerSwanson2023_MPS_FRBSF,False,unmatched,,,0.0,-0.5389979285875428
FOMC19880405,1988-04-05,1988-04-05 11:30:00,False,True,6.75,6.75,1988-04-05,0.0,3.652646242973736,0.6275811898051259,BauerSwanson2023_MPS_FRBSF,False,unmatched,,,0.9454214501727077,0.5380617516811547
FOMC19880406,1988-04-06,1988-04-06 11:30:00,False,True,6.75,6.75,1988-04-11,0.0,-0.5399583960886923,-3.6378381615956212,BauerSwanson2023_MPS_FRBSF,False,unmatched,,,-0.7085684011569633,-0.7151460096148939
FOMC19880509,1988-05-09,1988-05-09 11:30:00,False,True,6.75,7.0,1988-05-09,25.0,3.2967515379790138,2.050123534461543,BauerSwanson2023_MPS_FRBSF,False,unmatched,,,0.9652576889311055,0.9261066898781398
FOMC19880510,1988-05-10,1988-05-10 11:30:00,False,True,7.0,7.0,1988-05-15,0.0,0.3649105457139517,-0.83508097745554,BauerSwanson2023_MPS_FRBSF,False,unmatched,,,-0.24152829183288452,-0.18515792638049527
FOMC19880518,1988-05-18,1988-05-18 11:30:00,True,False,7.0,7.0,1988-05-18,0.0,2.8757202863662528,1.78638184764447,BauerSwanson2023_MPS_FRBSF,False,unmatched,,,0.7336163821736996,0.7592225889255593
FOMC19880519,1988-05-19,1988-05-19 11:30:00,True,False,7.0,7.0,1988-05-19,0.0,4.0901490146555775,3.394704154434744,BauerSwanson2023_MPS_FRBSF,False,unmatched,,,0.4911568947345625,0.1910327508632416
FOMC19880520,1988-05-20,1988-05-20 11:30:00,True,False,7.0,7.0,1988-05-24,0.0,1.1447606723013,0.2054746154686506,BauerSwanson2023_MPS_FRBSF,False,unmatched,,,-0.4904085052290981,0.0
FOMC19880525,1988-05-25,1988-05-25 11:30:00,False,True,7.0,7.25,1988-05-25,25.0,3.5135983605247256,2.848434741214193,BauerSwanson2023_MPS_FRBSF,False,unmatched,,,0.98065680259834,1.5258707300736774
FOMC19880526,1988-05-26,1988-05-26 11:30:00,False,True,7.25,7.25,1988-05-31,0.0,3.0334322971679932,2.437453787676404,BauerSwanson2023_MPS_FRBSF,False,unmatched,,,1.9659847248891904,1.5303825170944196
FOMC19880617,1988-06-17,1988-06-17 11:30:00,False,True,7.25,7.25,1988-06-19,0.0,3.6517907974036112,0.9247285689263431,BauerSwanson2023_MPS_FRBSF,False,unmatched,,,0.0,0.7400275387976105
FOMC19880620,1988-06-20,1988-06-20 11:30:00,False,True,7.25,7.4375,1988-06-25,18.75,-0.7730268941506819,-3.6070802756066023,BauerSwanson2023_MPS_FRBSF,False,unmatched,,,-0.4868765648832992,-0.37395640434094407
FOMC19880701,1988-07-01,1988-07-01 11:30:00,True,False,7.4375,7.5,1988-07-06,6.25,2.058899736343366,-0.9616610557819417,BauerSwanson2023_MPS_FRBSF,False,unmatched,,,0.9504707503300994,1.4430509868421053
FOMC19880719,1988-07-19,1988-07-19 11:30:00,False,True,7.5,7.6875,1988-07-19,18.75,3.2976069835487642,-0.7391211824713341,BauerSwanson2023_MPS_FRBSF,False,unmatched,,,1.4640406021108485,0.9511125039172672
FOMC19880720,1988-07-20,1988-07-20 11:30:00,False,True,7.6875,7.6875,1988-07-25,0.0,1.9412062028312609,-1.9834060011416441,BauerSwanson2023_MPS_FRBSF,False,unmatched,,,0.48735509544956457,0.5699515989086233
FOMC19880809,1988-08-09,1988-08-09 09:45:00,False,True,7.75,8.125,1988-08-09,37.5,12.606707165098928,9.211276852052647,BauerSwanson2023_MPS_FRBSF,False,unmatched,,,2.6691628424938627,1.6831307600174497
FOMC19880809,1988-08-09,1988-08-09 11:30:00,False,True,7.75,8.125,1988-08-14,37.5,2.995980156588971,-0.3994501564573094,BauerSwanson2023_MPS_FRBSF,False,unmatched,,,1.4642202893533547,0.9438629081914862
FOMC19880817,1988-08-17,1988-08-17 11:30:00,True,False,8.125,8.125,1988-08-22,0.0,3.652646242973736,0.8748847455216014,BauerSwanson2023_MPS_FRBSF,False,unmatched,,,2.7249840847271254,3.108298912585349
FOMC19880921,1988-09-21,1988-09-21 11:30:00,True,False,8.125,8.125,1988-09-26,0.0,-0.46775114345626695,-0.5399262366231488,BauerSwanson2023_MPS_FRBSF,False,unmatched,,,-0.9568001378260806,-0.9104235197368422
FOMC19881102,1988-11-02,1988-11-02 11:30:00,True,False,8.125,8.125,1988-11-06,0.0,2.2141692943083493,0.7565623589888413,BauerSwanson2023_MPS_FRBSF,False,unmatched,,,0.0,-0.17508983011166418
FOMC19881107,1988-11-07,1988-11-07 11:30:00,False,True,8.125,8.125,1988-11-07,0.0,3.252471727997006,0.9627521246061934,BauerSwanson2023_MPS_FRBSF,False,unmatched,,,1.4278374189103853,0.7178490477020748
FOMC19881108,1988-11-08,1988-11-08 11:30:00,False,True,8.125,8.125,1988-11-13,0.0,4.2182158837249695,1.857068922412481,BauerSwanson2023_MPS_FRBSF,False,unmatched,,,0.7127401604178325,2.149382273030194
FOMC19881215,1988-12-15,1988-12-15 11:30:00,True,False,8.375,8.6875,1988-12-20,31.25,5.00856530654848,1.133936062594287,BauerSwanson2023_MPS_FRBSF,False,unmatched,,,3.1691846384500058,2.5507830990553417
FOMC19890106,1989-01-06,1989-01-06 11:30:00,False,True,9.0,9.0,1989-01-08,0.0,1.337732215398382,-2.09116688902411,BauerSwanson2023_MPS_FRBSF,False,unmatched,,,0.0,-0.18163485776017282
FOMC19890109,1989-01-09,1989-01-09 11:30:00,False,True,9.0,9.0,1989-01-09,0.0,0.3500260329111845,-3.2328302336858434,BauerSwanson2023_MPS_FRBSF,False,unmatched,,,0.0,-0.36144417251095157
FOMC19890110,1989-01-10,1989-01-10 11:30:00,False,True,9.0,9.0,1989-01-15,0.0,2.226861198828509,-1.196061557540748,BauerSwanson2023_MPS_FRBSF,False,unmatched,,,0.488299959605286,0.0
FOMC19890209,1989-02-09,1989-02-09 11:30:00,True,False,9.0,9.125,1989-02-13,12.5,-1.894648285666347,-6.670473792430965,BauerSwanson2023_MPS_FRBSF,False,unmatched,,,-0.4815721278433631,-0.17694260214525506
FOMC19890214,1989-02-14,1989-02-14 11:30:00,False,True,9.125,9.3125,1989-02-19,18.75,3.9112065387911628,-0.2105063577895222,BauerSwanson2023_MPS_FRBSF,False,unmatched,,,0.0,0.7263432382012514
FOMC19890223,1989-02-23,1989-02-23 11:30:00,False,True,9.3125,9.3125,1989-02-23,0.0,8.840998012765755,4.279444320607055,BauerSwanson2023_MPS_FRBSF,False,unmatched,,,0.9875233124665674,-0.18422876053570508
FOMC19890224,1989-02-24,1989-02-24 09:00:00,False,True,9.3125,9.75,1989-02-24,43.75,7.443847193062349,2.790578082948512,BauerSwanson2023_MPS_FRBSF,False,unmatched,,,3.949088805322534,4.60005263513337
FOMC19890224,1989-02-24,1989-02-24 11:30:00,False,True,9.3125,9.75,1989-03-01,43.75,-3.491318962276233,-8.14458807239007,BauerSwanson2023_MPS_FRBSF,False,unmatched,,,-0.4952415389065664,-0.7393558669509243
FOMC19890329,1989-03-29,1989-03-29 11:30:00,True,False,9.75,9.75,1989-04-03,0.0,-1.321145685388759,-4.2816817867183605,BauerSwanson2023_MPS_FRBSF,False,unmatched,,,-1.4825199080831877,-1.104337583434936
FOMC19890517,1989-05-17,1989-05-17 11:30:00,True,False,9.75,9.8125,1989-05-22,6.25,-0.6700939895675033,-1.89183999225747,BauerSwanson2023_MPS_FRBSF,False,unmatched,,,-0.7088963076526299,0.0
FOMC19890606,1989-06-06,1989-06-06 11:30:00,False,True,9.8125,9.5625,1989-06-11,-25.0,-4.363976425636587,-5.019781686512262,BauerSwanson2023_MPS_FRBSF,False,unmatched,,,-1.8235922260980992,-1.4814187337432607
FOMC19890707,1989-07-07,1989-07-07 11:30:00,True,False,9.5625,9.3125,1989-07-12,-25.0,-2.131138566008769,-2.229608297337507,BauerSwanson2023_MPS_FRBSF,False,unmatched,,,-1.7782530487373056,-0.7833225445771789
FOMC19890725,1989-07-25,1989-07-25 11:30:00,False,True,9.3125,9.3125,1989-07-25,0.0,-1.964032549094074,-1.839354196586756,BauerSwanson2023_MPS_FRBSF,False,unmatched,,,-0.8870029303925595,-0.6294404275385099
FOMC19890726,1989-07-26,1989-07-26 11:30:00,False,True,9.3125,9.3125,1989-07-26,0.0,-0.5443436126552971,-0.104273099541654,BauerSwanson2023_MPS_FRBSF,False,unmatched,,,-0.6638400883364713,-0.7843688004556972
FOMC19890727,1989-07-27,1989-07-27 11:30:00,False,True,9.3125,9.0625,1989-08-01,-25.0,-0.6637480373079447,-0.33021179321603117,BauerSwanson2023_MPS_FRBSF,False,unmatched,,,0.0,0.46770943381461055
FOMC19890823,1989-08-23,1989-08-23 11:30:00,True,False,9.0625,9.0625,1989-08-28,0.0,-1.468981972934222,-1.774948268218225,BauerSwanson2023_MPS_FRBSF,False,unmatched,,,-0.9081693585077344,-0.641782493159075
FOMC19891004,1989-10-04,1989-10-04 11:30:00,True,False,9.0625,9.0625,1989-10-09,0.0,1.3258957564486669,-0.4632610328998874,BauerSwanson2023_MPS_FRBSF,False,unmatched,,,0.2264523647112324,0.4790776608025574
FOMC19891016,1989-10-16,1989-10-16 11:30:00,False,True,9.0625,9.0625,1989-10-18,0.0,2.573469886425696,2.609100891454829,BauerSwanson2023_MPS_FRBSF,False,unmatched,,,0.6661662866610965,1.2378894678698174
FOMC19891019,1989-10-19,1989-10-19 11:30:00,False,True,9.0625,8.75,1989-10-24,-31.25,1.5520127012341491,1.657645489172956,BauerSwanson2023_MPS_FRBSF,False,unmatched,,,-0.887680697730394,-0.6202624405209727
FOMC19891107,1989-11-07,1989-11-07 11:30:00,False,True,8.5,8.5,1989-11-07,0.0,-5.965282163366185,-6.571843952804351,BauerSwanson2023_MPS_FRBSF,False,unmatched,,,-3.097086143275226,-2.1503064500437787
FOMC19891108,1989-11-08,1989-11-08 11:30:00,False,True,8.5,8.5,1989-11-08,0.0,1.3024726831026912,0.8713147305657244,BauerSwanson2023_MPS_FRBSF,False,unmatched,,,-0.43959755253154725,-0.15238002625565225
FOMC19891109,1989-11-09,1989-11-09 11:30:00,False,True,8.5,8.5,1989-11-14,0.0,4.666699668786427,4.424694893718422,BauerSwanson2023_MPS_FRBSF,False,unmatched,,,2.1939735015059174,2.4367954950654207
FOMC19891115,1989-11-15,1989-11-15 11:30:00,True,False,8.5,8.5,1989-11-20,0.0,2.516901411392014,2.316963871538671,BauerSwanson2023_MPS_FRBSF,False,unmatched,,,1.096048709508808,0.7607234890844558
FOMC19891220,1989-12-20,1989-12-20 11:30:00,True,False,8.5,8.25,1989-12-25,-25.0,-2.03198527697526,-2.8658675340541397,BauerSwanson2023_MPS_FRBSF,False,unmatched,,,0.21811867349964,0.6044603673929084
FOMC19900208,1990-02-08,1990-02-08 11:30:00,True,False,8.25,8.25,1990-02-13,0.0,1.989639356789762,1.089662556454846,BauerSwanson2023_MPS_FRBSF,False,unmatched,,,1.151067745110626,2.3277943047166882
FOMC19900328,1990-03-28,1990-03-28 11:30:00,True,False,8.25,8.25,1990-04-02,0.0,-1.592771614153128,-2.596569596878664,BauerSwanson2023_MPS_FRBSF,False,unmatched,,,-0.9273420106182564,-0.6711012712755833
FOMC19900516,1990-05-16,1990-05-16 11:30:00,True,False,8.25,8.25,1990-05-21,0.0,-0.8308540542225176,1.3718100401193911,BauerSwanson2023_MPS_FRBSF,False,unmatched,,,-0.9381152701465201,-1.199232943076302
FOMC19900705,1990-07-05,1990-07-05 11:30:00,True,False,8.25,8.25,1990-07-10,0.0,1.569945267890317,2.023835680989046,BauerSwanson2023_MPS_FRBSF,False,unmatched,,,0.0,0.4954591321897074
FOMC19900713,1990-07-13,1990-07-13 11:30:00,False,True,8.25,8.0,1990-07-18,-25.0,-2.433746799218413,-2.336597087743125,BauerSwanson2023_MPS_FRBSF,False,unmatched,,,-0.4605150581793292,0.33350014011769885
FOMC19900822,1990-08-22,1990-08-22 11:30:00,True,False,8.0,8.0,1990-08-27,0.0,1.2858772791594921,3.697720653008158,BauerSwanson2023_MPS_FRBSF,False,unmatched,,,-0.9521163565357224,-1.440984719165827
FOMC19901003,1990-10-03,1990-10-03 11:30:00,True,False,8.0,8.0,1990-10-08,0.0,-0.049293036495447654,-0.2169828581560062,BauerSwanson2023_MPS_FRBSF,False,unmatched,,,-0.938118953574904,-0.7053858152124048
FOMC19901029,1990-10-29,1990-10-29 11:30:00,False,True,8.0,7.75,1990-11-03,-25.0,1.33687676982841,2.3841297724229977,BauerSwanson2023_MPS_FRBSF,False,unmatched,,,0.9320962041978452,1.3934476299071508
FOMC19901114,1990-11-14,1990-11-14 11:30:00,True,False,7.75,7.5,1990-11-14,-25.0,1.415531155495307,1.421384546987081,BauerSwanson2023_MPS_FRBSF,False,unmatched,,,1.3709259628248556,0.8377073966896634
FOMC19901115,1990-11-15,1990-11-15 11:30:00,True,False,7.5,7.5,1990-11-15,0.0,1.063913678350975,1.076528140381739,BauerSwanson2023_MPS_FRBSF,False,unmatched,,,0.6848519362186788,0.33492386499193044
FOMC19901116,1990-11-16,1990-11-16 11:30:00,True,False,7.5,7.5,1990-11-21,0.0,1.4334637221516,1.674461276112241,BauerSwanson2023_MPS_FRBSF,False,unmatched,,,0.45392865270823846,0.4966080866411565
FOMC19901207,1990-12-07,1990-12-07 11:30:00,False,True,7.5,7.25,1990-12-12,-25.0,-1.992090683559733,-0.008370110483365417,BauerSwanson2023_MPS_FRBSF,False,unmatched,,,-0.44666534451495926,-1.1194632723833542
FOMC19901218,1990-12-18,1990-12-18 15:30:00,True,False,7.25,7.25,1990-12-18,0.0,-10.124975350136289,-8.224327071889139,BauerSwanson2023_MPS_FRBSF,False,unmatched,,,-5.106967392997211,-4.125553914327917
FOMC19901219,1990-12-19,1990-12-19 11:30:00,True,False,7.25,7.0,1990-12-24,-25.0,3.6603293579467087,5.339594614218884,BauerSwanson2023_MPS_FRBSF,False,unmatched,,,1.1096858231038242,0.6345937961595274
FOMC19910108,1991-01-08,1991-01-08 11:30:00,False,True,7.0,6.75,1991-01-13,-25.0,-10.11484978232677,-9.26781429458266,BauerSwanson2023_MPS_FRBSF,False,unmatched,,-2.4491633128574457,-5.855744505533535,-4.258812504984448
FOMC19910201,1991-02-01,1991-02-01 09:15:00,False,True,6.75,6.25,1991-02-06,-50.0,-4.116878860341843,-1.0155795910826861,BauerSwanson2023_MPS_FRBSF,False,unmatched,,-1.6261449674379203,0.6617216557537016,1.419206463089821
FOMC19910201,1991-02-01,1991-02-01 11:30:00,False,True,6.75,6.25,1991-02-01,-50.0,-3.0847984950395704,0.01650077421958759,BauerSwanson2023_MPS_FRBSF,False,unmatched,,-0.4874834542277756,-0.8823662513611743,-0.6307311272076818
FOMC19910207,1991-02-07,1991-02-07 11:30:00,True,False,6.25,6.25,1991-02-12,0.0,0.3954111330165211,3.365046506192637,BauerSwanson2023_MPS_FRBSF,False,unmatched,,-0.324816011012866,0.21921951633192463,0.46807674934700216
FOMC19910308,1991-03-08,1991-03-08 11:30:00,False,True,6.25,6.0,1991-03-13,-25.0,-5.745761015394132,-4.502500845780853,BauerSwanson2023_MPS_FRBSF,False,unmatched,,1.961715647339158,-2.9307138700015614,-0.9819869972364157
FOMC19910327,1991-03-27,1991-03-27 11:30:00,True,False,6.0,6.0,1991-04-01,0.0,-1.4051230654624631,-0.06999551747668681,BauerSwanson2023_MPS_FRBSF,False,unmatched,,0.4910554466980882,-0.9043317710552476,-0.3278649406430829
FOMC19910430,1991-04-30,1991-04-30 09:30:00,False,True,6.0,5.75,1991-04-30,-25.0,-18.05148090255714,-17.26252592914947,BauerSwanson2023_MPS_FRBSF,False,unmatched,,-10.0,-7.824268968547575,-5.78440285381134
FOMC19910430,1991-04-30,1991-04-30 11:30:00,False,True,6.0,5.75,1991-05-05,-25.0,3.650079906263417,4.439034879671092,BauerSwanson2023_MPS_FRBSF,False,unmatched,,-0.8139362490733878,1.3394990857677425,1.2827328603332082
FOMC19910515,1991-05-15,1991-05-15 11:30:00,True,False,5.75,5.75,1991-05-20,0.0,1.793138042696034,3.2385345818200286,BauerSwanson2023_MPS_FRBSF,False,unmatched,,-0.48818172191040987,0.45044673930027423,0.4913787092468449
FOMC19910705,1991-07-05,1991-07-05 11:30:00,True,False,5.75,5.75,1991-07-10,0.0,1.821196177161846,4.913540071969016,BauerSwanson2023_MPS_FRBSF,False,unmatched,,0.8195540490440124,2.291714187956204,2.8687444022904063
FOMC19910806,1991-08-06,1991-08-06 11:30:00,False,True,5.75,5.5,1991-08-11,-25.0,-11.17327739095466,-8.818302556766735,BauerSwanson2023_MPS_FRBSF,False,unmatched,,-7.7,-3.332814335659387,-2.5635662203628975
FOMC19910821,1991-08-21,1991-08-21 11:30:00,True,False,5.5,5.5,1991-08-26,0.0,2.597266688199107,5.160609559694285,BauerSwanson2023_MPS_FRBSF,False,unmatched,,0.0,0.43848174935020906,0.15701279334432147
FOMC19910913,1991-09-13,1991-09-13 09:10:00,False,True,5.5,5.25,1991-09-18,-25.0,1.4351746132917942,2.755745863835133,BauerSwanson2023_MPS_FRBSF,False,unmatched,,0.4840857369674517,-0.4334606117819452,-0.15371792872182793
FOMC19910913,1991-09-13,1991-09-13 11:30:00,False,True,5.5,5.25,1991-09-13,-25.0,1.7609265642535048,3.081497814796844,BauerSwanson2023_MPS_FRBSF,False,unmatched,,-0.3227467584016936,0.8686683668437294,0.6168700772050223
FOMC19911002,1991-10-02,1991-10-02 11:30:00,True,False,5.25,5.25,1991-10-07,0.0,1.6775132335931249,2.334779756549142,BauerSwanson2023_MPS_FRBSF,False,unmatched,,0.8033238064994178,0.0,0.15202597604604134
FOMC19911030,1991-10-30,1991-10-30 11:30:00,False,True,5.25,5.0,1991-11-04,-25.0,0.21732410272208091,1.735964666800953,BauerSwanson2023_MPS_FRBSF,False,unmatched,,0.47904011006455705,-0.21344823708035768,-0.3037135665205602
FOMC19911106,1991-11-06,1991-11-06 08:45:00,True,False,5.0,4.75,1991-11-06,-25.0,-9.267046927858557,-7.577055410452931,BauerSwanson2023_MPS_FRBSF,False,unmatched,,-9.3,-4.497376085090816,-3.3900109383545587
FOMC19911106,1991-11-06,1991-11-06 11:30:00,True,False,5.0,4.75,1991-11-11,-25.0,2.33747721838448,4.027468735790106,BauerSwanson2023_MPS_FRBSF,False,unmatched,,0.7968146462775808,0.8568313237756235,0.0
FOMC19911206,1991-12-06,1991-12-06 11:30:00,False,True,4.75,4.5,1991-12-11,-25.0,2.321737260011379,6.287822513293739,BauerSwanson2023_MPS_FRBSF,False,unmatched,,0.792213288192975,0.0,0.29938033280568316
FOMC19911218,1991-12-18,1991-12-18 11:30:00,True,False,4.5,4.5,1991-12-19,0.0,1.815705670472037,6.368728411152142,BauerSwanson2023_MPS_FRBSF,False,unmatched,,0.790701364646144,0.0,0.0
FOMC19911220,1991-12-20,1991-12-20 08:30:00,False,True,4.5,4.0,1991-12-20,-50.0,-28.710512028691138,-24.01271022674902,BauerSwanson2023_MPS_FRBSF,False,unmatched,,-16.550301491589973,-7.263858217091103,-4.54719987712865
FOMC19911220,1991-12-20,1991-12-20 11:30:00,False,True,4.5,4.0,1991-12-25,-50.0,0.5298239543458196,5.2276257562879405,BauerSwanson2023_MPS_FRBSF,False,unmatched,,-0.7870517296096478,-0.20711150867973052,0.4390250926334786
FOMC19920206,1992-02-06,1992-02-06 11:30:00,True,False,4.0,4.0,1992-02-11,0.0,0.6400662454748142,2.049629324233254,BauerSwanson2023_MPS_FRBSF,False,unmatched,,0.47360347016504434,-0.8363789237668161,-0.5939323107831396
FOMC19920401,1992-04-01,1992-04-01 11:30:00,True,False,4.0,4.0,1992-04-06,0.0,2.739238740627633,2.430913231895523,BauerSwanson2023_MPS_FRBSF,False,unmatched,,0.7994390644017569,0.21572739556356266,0.0
FOMC19920409,1992-04-09,1992-04-09 11:30:00,False,True,4.0,3.75,1992-04-14,-25.0,-24.21526964537824,-22.70709617805845,BauerSwanson2023_MPS_FRBSF,False,unmatched,,-15.556260910966513,-4.912985462462251,-3.9593302596457174
FOMC19920520,1992-05-20,1992-05-20 11:30:00,True,False,3.75,3.75,1992-05-25,0.0,3.417866853771607,3.316453257521648,BauerSwanson2023_MPS_FRBSF,False,unmatched,,3.308912985982545,-0.8390967325941604,-1.3408928329756589
FOMC19920702,1992-07-02,1992-07-02 09:15:00,True,False,3.75,3.25,1992-07-07,-50.0,4.613228214240481,6.878341624164795,BauerSwanson2023_MPS_FRBSF,False,unmatched,,2.349568988312444,1.8544905913415197,1.024658271135318
FOMC19920819,1992-08-19,1992-08-19 11:30:00,True,False,3.25,3.25,1992-08-24,0.0,0.6373919200486274,0.2137745995616449,BauerSwanson2023_MPS_FRBSF,False,unmatched,,0.7743180376400931,0.3960597826086956,0.0
FOMC19920904,1992-09-04,1992-09-04 11:30:00,False,True,3.25,3.0,1992-09-09,-25.0,-0.7754693469872179,2.253774711565291,BauerSwanson2023_MPS_FRBSF,False,unmatched,,-0.776244846178243,1.388300743139453,1.5280250996353768
FOMC19921007,1992-10-07,1992-10-07 11:30:00,True,False,3.0,3.0,1992-10-12,0.0,1.6775132335931249,2.6620361899798177,BauerSwanson2023_MPS_FRBSF,False,unmatched,,0.7746761829236056,0.398835415595425,-0.7141806722689076
FOMC19921118,1992-11-18,1992-11-18 11:30:00,True,False,3.0,3.0,1992-11-23,0.0,1.134511220617771,1.619668555998073,BauerSwanson2023_MPS_FRBSF,False,unmatched,,1.0964091173515258,-0.2034460184140515,0.14358240290104018
FOMC19921223,1992-12-23,1992-12-23 11:30:00,True,False,3.0,3.0,1992-12-28,0.0,0.24709312832808839,-0.2844573578154298,BauerSwanson2023_MPS_FRBSF,False,unmatched,,0.7852647167715662,-0.203065347638289,0.0
FOMC19930204,1993-02-04,1993-02-04 11:30:00,True,False,3.0,3.0,1993-02-09,0.0,0.7344605895148132,0.2898561471646487,BauerSwanson2023_MPS_FRBSF,False,unmatched,,-0.31081209685946914,0.3936699217397327,0.0
FOMC19930324,1993-03-24,1993-03-24 11:30:00,True,False,3.0,3.0,1993-03-29,0.0,0.8976631070062496,-1.727818081502881,BauerSwanson2023_MPS_FRBSF,False,unmatched,,0.46443222668640305,1.1576403656549479,0.7851172822863305
FOMC19930519,1993-05-19,1993-05-19 11:30:00,True,False,3.0,3.0,1993-05-24,0.0,-0.9384220199253249,-1.3431139775648389,BauerSwanson2023_MPS_FRBSF,False,unmatched,,-0.541417772374055,-1.931281909755761,-1.723865106624594
FOMC19930708,1993-07-08,1993-07-08 11:30:00,True,False,3.0,3.0,1993-07-13,0.0,-0.5688719761247003,-0.9671062546218714,BauerSwanson2023_MPS_FRBSF,False,unmatched,,-1.0071896806935927,-0.948739114284535,-0.12626304341840808
FOMC19930818,1993-08-18,1993-08-18 11:30:00,True,False,3.0,3.0,1993-08-23,0.0,1.55372359237422,-0.2478578419912879,BauerSwanson2023_MPS_FRBSF,False,unmatched,,1.2365068456943489,0.9414497374859122,0.6113255996066362
FOMC19930922,1993-09-22,1993-09-22 11:30:00,True,False,3.0,3.0,1993-09-27,0.0,0.2840635517640884,0.7436766502670022,BauerSwanson2023_MPS_FRBSF,False,unmatched,,1.0830513850708394,1.3073755867255907,0.4813610592859602
FOMC19931117,1993-11-17,1993-11-17 11:30:00,True,False,3.0,3.0,1993-11-22,0.0,0.9130293369522493,-0.46681440195099555,BauerSwanson2023_MPS_FRBSF,False,unmatched,,0.0,-1.3106556025718525,-0.8435762311466471
FOMC19931222,1993-12-22,1993-12-22 11:30:00,True,False,3.0,3.0,1993-12-27,0.0,0.590267676270758,-0.5911892620033679,BauerSwanson2023_MPS_FRBSF,False,unmatched,,0.0,0.0,0.12424405505741987
FOMC19940204,1994-02-04,1994-02-04 11:05:00,True,False,3.0,3.25,1994-02-09,25.0,16.03311701638023,15.117934589927682,BauerSwanson2023_MPS_FRBSF,False,unmatched,,15.176881180265452,9.127432603781905,3.3348891268337773
FOMC19940322,1994-03-22,1994-03-22 14:20:00,True,False,3.25,3.5,1994-03-27,25.0,-4.566765928417222,-6.8000437553223385,BauerSwanson2023_MPS_FRBSF,False,unmatched,,-5.781985508012905,-5.817281003663816,-5.2335933485917145
FOMC19940418,1994-04-18,1994-04-18 10:06:00,False,True,3.5,3.75,1994-04-23,25.0,9.964906385397734,7.288012122397556,BauerSwanson2023_MPS_FRBSF,False,unmatched,,6.383890770533446,5.200353069745285,3.584315151747174
FOMC19940517,1994-05-17,1994-05-17 14:26:00,True,False,3.75,4.25,1994-05-22,50.0,-4.738535258984095,-7.331937169710797,BauerSwanson2023_MPS_FRBSF,False,unmatched,,-6.410351397121083,-7.084446184609791,-7.117392750249419
FOMC19940706,1994-07-06,1994-07-06 14:18:00,True,False,4.25,4.25,1994-07-11,0.0,1.006941963849252,-1.498632751369259,BauerSwanson2023_MPS_FRBSF,False,unmatched,,0.8054732161761592,1.4872191011235956,1.7835704221274296
FOMC19940816,1994-08-16,1994-08-16 13:18:00,True,False,4.25,4.75,1994-08-21,50.0,3.2383482879310317,0.5024376895865865,BauerSwanson2023_MPS_FRBSF,False,unmatched,,-1.125866723124967,-3.7664809786412117,-5.053843510138618
FOMC19940927,1994-09-27,1994-09-27 14:18:00,True,False,4.75,4.75,1994-10-02,0.0,-0.4705741326613156,-2.131124704008059,BauerSwanson2023_MPS_FRBSF,False,unmatched,,0.4866080880796104,2.8208382693067073,3.858200789401696
FOMC19941115,1994-11-15,1994-11-15 14:20:00,True,False,4.75,5.5,1994-11-20,75.0,4.607161617574634,3.301831652603948,BauerSwanson2023_MPS_FRBSF,False,unmatched,,0.8158758737555604,-0.8832449253836906,-1.5742513030419034
FOMC19941220,1994-12-20,1994-12-20 14:17:00,True,False,5.5,5.5,1994-12-25,0.0,0.6690741983437654,-2.867879827012736,BauerSwanson2023_MPS_FRBSF,False,unmatched,,0.8264830508474578,1.5435663555624586,0.9128010164001202
FOMC19950201,1995-02-01,1995-02-01 14:15:00,True,False,5.5,6.0,1995-02-06,50.0,6.4620347567325975,3.8467690611180667,BauerSwanson2023_MPS_FRBSF,False,unmatched,,4.916159101742492,2.164941183108127,2.379245027736436
FOMC19950328,1995-03-28,1995-03-28 14:15:00,True,False,6.0,6.0,1995-04-02,0.0,3.2618657341101733,0.2988777209888473,BauerSwanson2023_MPS_FRBSF,False,unmatched,,1.6233786860077295,1.4677690582959642,1.4318164465144687
FOMC19950523,1995-05-23,1995-05-23 14:15:00,True,False,6.0,6.0,1995-05-28,0.0,0.2275735544053733,-0.5929147897029269,BauerSwanson2023_MPS_FRBSF,False,unmatched,,0.802064038105319,0.6008474576271187,0.26286877474764375
FOMC19950706,1995-07-06,1995-07-06 14:15:00,True,False,6.0,5.75,1995-07-11,-25.0,-24.48543245074993,-23.45539180369616,BauerSwanson2023_MPS_FRBSF,False,unmatched,,-20.308449288397444,-14.257693795237305,-10.507620239062742
FOMC19950822,1995-08-22,1995-08-22 14:15:00,True,False,5.75,5.75,1995-08-27,0.0,6.419092109463781,6.040429125352413,BauerSwanson2023_MPS_FRBSF,False,unmatched,,3.3658110611272822,2.007646854362183,2.5060990371901593
FOMC19950926,1995-09-26,1995-09-26 14:15:00,True,False,5.75,5.75,1995-10-01,0.0,7.646694459415931,6.097726410150092,BauerSwanson2023_MPS_FRBSF,False,unmatched,,4.793035931629359,3.3593500894181583,2.5465638161593263
FOMC19951115,1995-11-15,1995-11-15 14:15:00,True,False,5.75,5.75,1995-11-20,0.0,4.46677657241253,3.203722531022018,BauerSwanson2023_MPS_FRBSF,False,unmatched,,2.9354002433733664,1.7367476532302597,0.9682572821262265
FOMC19951219,1995-12-19,1995-12-19 14:15:00,True,False,5.75,5.5,1995-12-24,-25.0,-2.822508808815355,-3.5691139258684825,BauerSwanson2023_MPS_FRBSF,False,unmatched,,-3.955880019044596,-2.095782800441014,-1.5451771333646311
FOMC19960131,1996-01-31,1996-01-31 14:15:00,True,False,5.5,5.25,1996-02-05,-25.0,-3.0270952188415223,-3.902427233180614,BauerSwanson2023_MPS_FRBSF,False,unmatched,,-4.2412735350116355,-1.4953745642208132,-0.4634356257228155
FOMC19960326,1996-03-26,1996-03-26 11:39:00,True,False,5.25,5.25,1996-03-31,0.0,3.644589399573608,-0.7509404239042048,BauerSwanson2023_MPS_FRBSF,False,unmatched,,2.0722789565585478,1.1865384082277604,1.1546302360548675
FOMC19960521,1996-05-21,1996-05-21 14:15:00,True,False,5.25,5.25,1996-05-26,0.0,2.330649548981578,1.805008748513987,BauerSwanson2023_MPS_FRBSF,False,unmatched,,0.8006456392887384,2.2198407838334355,1.5930219534050178
FOMC19960703,1996-07-03,1996-07-03 14:15:00,True,False,5.25,5.25,1996-07-08,0.0,-2.1676113771438796,-3.917004587457271,BauerSwanson2023_MPS_FRBSF,False,unmatched,,-2.4137511247552004,-0.406734091162376,0.5354653010111583
FOMC19960820,1996-08-20,1996-08-20 14:15:00,True,False,5.25,5.25,1996-08-25,0.0,1.161356076244262,0.9626502648373707,BauerSwanson2023_MPS_FRBSF,False,unmatched,,0.0,0.7994388343311155,1.4395965674802185
FOMC19960924,1996-09-24,1996-09-24 14:15:00,True,False,5.25,5.25,1996-09-29,0.0,-7.5589047861226,-8.734424675921462,BauerSwanson2023_MPS_FRBSF,False,unmatched,,-5.7914792273088125,-2.6494404259174087,-1.2139210267459835
FOMC19961113,1996-11-13,1996-11-13 14:15:00,True,False,5.25,5.25,1996-11-18,0.0,-1.052335937888039,-2.657345155016257,BauerSwanson2023_MPS_FRBSF,False,unmatched,,-1.8314725646859622,-1.7620035976200359,-2.3727199472566114
FOMC19961217,1996-12-17,1996-12-17 14:15:00,True,False,5.25,5.25,1996-12-22,0.0,0.8603348503010144,-0.0592175766584567,BauerSwanson2023_MPS_FRBSF,False,unmatched,,0.5,0.9931770905560948,0.2565303150404631
FOMC19970205,1997-02-05,1997-02-05 14:15:00,True,False,5.25,5.25,1997-02-10,0.0,1.4973574788892652,-1.7805139842584499,BauerSwanson2023_MPS_FRBSF,False,unmatched,,2.237021749484045,1.9846269112301247,2.8325196034916407
FOMC19970325,1997-03-25,1997-03-25 14:15:00,True,False,5.25,5.5,1997-03-30,25.0,7.5718521201947855,4.85711891891408,BauerSwanson2023_MPS_FRBSF,False,unmatched,,7.257859637980311,4.900234414243456,4.956641444411148
FOMC19970520,1997-05-20,1997-05-20 14:15:00,True,False,5.5,5.5,1997-05-25,0.0,-5.3375915989541864,-6.521447085547605,BauerSwanson2023_MPS_FRBSF,False,unmatched,,-4.502461229026624,-1.622314130147192,-0.1326408831536941
FOMC19970702,1997-07-02,1997-07-02 14:15:00,True,False,5.5,5.5,1997-07-07,0.0,0.8298500569219396,0.28099451020596833,BauerSwanson2023_MPS_FRBSF,False,unmatched,,-1.60375760783276,-0.600839226910839,-0.6451639745924905
FOMC19970819,1997-08-19,1997-08-19 14:15:00,True,False,5.5,5.5,1997-08-24,0.0,1.271669295291974,0.1658422326710183,BauerSwanson2023_MPS_FRBSF,False,unmatched,,0.7982855328606202,1.1836878941168318,2.007522935779816
FOMC19970930,1997-09-30,1997-09-30 14:15:00,True,False,5.5,5.5,1997-10-05,0.0,0.41826680578054337,-0.9710233662765286,BauerSwanson2023_MPS_FRBSF,False,unmatched,,0.0,0.589403423253753,0.7427759399045931
FOMC19971112,1997-11-12,1997-11-12 14:15:00,True,False,5.5,5.5,1997-11-17,0.0,-2.121557695681997,-3.268107261037935,BauerSwanson2023_MPS_FRBSF,False,unmatched,,-2.550452404889148,-1.9391955356649535,-1.7982428360734355
FOMC19971216,1997-12-16,1997-12-16 14:15:00,True,False,5.5,5.5,1997-12-21,0.0,0.2389822905700398,-2.196198044873401,BauerSwanson2023_MPS_FRBSF,False,unmatched,,-0.7963384306047939,-0.3849856559638089,-0.7019064903327823
FOMC19980204,1998-02-04,1998-02-04 14:12:00,True,False,5.5,5.5,1998-02-09,0.0,2.790705192919181,1.262962911887575,BauerSwanson2023_MPS_FRBSF,True,meeting,,1.8989049357244885,0.5678944399345065,0.3444981213097155
FOMC19980331,1998-03-31,1998-03-31 14:15:00,True,False,5.5,5.5,1998-04-05,0.0,0.9423558842528426,-0.8018462366565041,BauerSwanson2023_MPS_FRBSF,True,meeting,,0.0,0.0,0.23362655333219517
FOMC19980519,1998-05-19,1998-05-19 14:15:00,True,False,5.5,5.5,1998-05-24,0.0,-0.7723111263776302,-1.248512566239917,BauerSwanson2023_MPS_FRBSF,True,meeting,,-1.59005291005291,-0.9583206948848751,-0.5823133772146443
FOMC19980701,1998-07-01,1998-07-01 14:15:00,True,False,5.5,5.5,1998-07-06,0.0,1.298203402831142,0.8887905954196067,BauerSwanson2023_MPS_FRBSF,True,meeting,,0.0,0.18840141338869565,0.22464167585446526
FOMC19980818,1998-08-18,1998-08-18 14:15:00,True,False,5.5,5.5,1998-08-23,0.0,0.8976631070062496,1.8220871483576269,BauerSwanson2023_MPS_FRBSF,True,meeting,,0.0,0.18752060213163388,0.1118855042483109
FOMC19980929,1998-09-29,1998-09-29 14:15:00,True,False,5.5,5.25,1998-10-04,-25.0,3.040011160420444,4.702237055310335,BauerSwanson2023_MPS_FRBSF,True,statement,,0.3118073181049069,0.0,-0.6304944935169118
FOMC19981015,1998-10-15,1998-10-15 15:15:00,False,True,5.25,5.0,1998-10-20,-25.0,-27.6120491104476,-23.947252526519648,BauerSwanson2023_MPS_FRBSF,True,statement,,-20.92682668922491,-10.39326606652343,-4.766960464241012
FOMC19981117,1998-11-17,1998-11-17 14:15:00,True,False,5.0,4.75,1998-11-22,-25.0,-1.477660211274323,-1.389520140948844,BauerSwanson2023_MPS_FRBSF,True,statement,,1.8754627181385515,-0.8972435521488291,-0.7550927025861689
FOMC19981222,1998-12-22,1998-12-22 14:15:00,True,False,4.75,4.75,1998-12-27,0.0,1.043048994136227,0.5196052538637874,BauerSwanson2023_MPS_FRBSF,True,meeting,,0.3123479640401904,0.0,-0.32215342730426383
FOMC19990203,1999-02-03,1999-02-03 14:12:00,True,False,4.75,4.75,1999-02-08,0.0,1.145616117871161,-0.7983637841084823,BauerSwanson2023_MPS_FRBSF,True,meeting,,1.880685424159086,1.2659193927147616,0.9863572905437644
FOMC19990330,1999-03-30,1999-03-30 14:12:00,True,False,4.75,4.75,1999-04-04,0.0,-1.7191275920822968,-3.707533451128145,BauerSwanson2023_MPS_FRBSF,True,meeting,,-3.1516978736908916,-0.7473893653516296,0.0
FOMC19990518,1999-05-18,1999-05-18 14:11:00,True,False,4.75,4.75,1999-05-23,0.0,12.43420397592432,10.97715007229528,BauerSwanson2023_MPS_FRBSF,True,statement,,11.00782985927415,9.379765860923042,7.822459990025843
FOMC19990630,1999-06-30,1999-06-30 14:15:00,True,False,4.75,5.0,1999-07-05,25.0,-10.06640187284778,-9.625191255492853,BauerSwanson2023_MPS_FRBSF,True,statement,,-11.23968253968254,-7.43290677427379,-4.8204108802100905
FOMC19990824,1999-08-24,1999-08-24 14:15:00,True,False,5.0,5.25,1999-08-29,25.0,0.6897206258516997,-2.214631910981931,BauerSwanson2023_MPS_FRBSF,True,statement,,0.0,-1.1701603982300885,-0.6177005049721032
FOMC19991005,1999-10-05,1999-10-05 14:12:00,True,False,5.25,5.25,1999-10-10,0.0,9.053372896903209,8.504634970915092,BauerSwanson2023_MPS_FRBSF,True,statement,,8.78340477324443,5.438727938727938,5.353947574948988
FOMC19991116,1999-11-16,1999-11-16 14:15:00,True,False,5.25,5.5,1999-11-21,25.0,7.821227977211874,5.696663791237466,BauerSwanson2023_MPS_FRBSF,True,statement,,6.705826321638356,3.7184545316112247,3.110007968273449
FOMC19991221,1999-12-21,1999-12-21 14:15:00,True,False,5.5,5.5,1999-12-26,0.0,4.433351815130681,2.001160415368828,BauerSwanson2023_MPS_FRBSF,True,statement,,4.99100195839729,4.274180100055587,4.280755809636944
FOMC20000202,2000-02-02,2000-02-02 14:15:00,True,False,5.5,5.75,2000-02-07,25.0,1.088644403369438,-2.418573121141394,BauerSwanson2023_MPS_FRBSF,True,statement,,3.3110890468227425,4.320139053488188,0.8645483509859642
FOMC20000321,2000-03-21,2000-03-21 14:15:00,True,False,5.75,6.0,2000-03-26,25.0,0.48736302421999955,0.2724860616207213,BauerSwanson2023_MPS_FRBSF,True,statement,,1.6508699514081195,-0.31659543225738784,-0.9639373236803644
FOMC20000516,2000-05-16,2000-05-16 14:15:00,True,False,6.0,6.5,2000-05-21,50.0,6.537228121281524,4.302359548061229,BauerSwanson2023_MPS_FRBSF,True,statement,,4.149934674679906,2.8954949029924366,-0.28340650294965014
FOMC20000628,2000-06-28,2000-06-28 14:15:00,True,False,6.5,6.5,2000-07-03,0.0,-2.189004964918144,-2.4633016817305493,BauerSwanson2023_MPS_FRBSF,True,statement,,-3.712404639983279,-1.150527350147396,-1.1025250419138235
FOMC20000822,2000-08-22,2000-08-22 14:15:00,True,False,6.5,6.5,2000-08-27,0.0,2.374059157873025,2.57362585682958,BauerSwanson2023_MPS_FRBSF,True,statement,,0.32824451410658306,0.716326503963124,0.9200763018798161
FOMC20001003,2000-10-03,2000-10-03 14:12:00,True,False,6.5,6.5,2000-10-08,0.0,5.305644536045862,5.451151154396332,BauerSwanson2023_MPS_FRBSF,True,statement,,4.57242856396594,3.3656205942248447,1.3517037037037039
FOMC20001115,2000-11-15,2000-11-15 14:12:00,True,False,6.5,6.5,2000-11-20,0.0,1.4257806071786001,1.774243394402763,BauerSwanson2023_MPS_FRBSF,True,statement,,-0.6521103217718346,-1.0056389753473896,-1.9611871954645712
FOMC20001219,2000-12-19,2000-12-19 14:15:00,True,False,6.5,6.5,2000-12-24,0.0,3.148683377843785,4.88416513963931,BauerSwanson2023_MPS_FRBSF,True,statement,,2.416858157509923,2.131980353278125,2.4795042976861157
FOMC20010103,2001-01-03,2001-01-03 13:13:00,False,True,6.5,6.0,2001-01-08,-50.0,-12.658904325223281,-10.29449265679224,BauerSwanson2023_MPS_FRBSF,True,statement,,2.400845864661654,5.44728393143804,7.3336808227224966
FOMC20010131,2001-01-31,2001-01-31 14:15:00,True,False,6.0,5.5,2001-02-05,-50.0,-0.23354784423020158,0.8940595211028992,BauerSwanson2023_MPS_FRBSF,True,statement,,0.39907069019525954,1.1548621621971256,0.6231765202912598
FOMC20010320,2001-03-20,2001-03-20 14:15:00,True,False,5.5,5.0,2001-03-25,-50.0,-6.603207423940997,-2.783229760568815,BauerSwanson2023_MPS_FRBSF,True,statement,,-4.521114997128986,-1.8931293771684312,-1.450409896663326
FOMC20010418,2001-04-18,2001-04-18 10:54:00,False,True,5.0,4.5,2001-04-23,-50.0,-28.25319946005803,-23.19531062846787,BauerSwanson2023_MPS_FRBSF,True,statement,,-13.838805658506029,-2.138374545501598,0.7734613523749145
FOMC20010515,2001-05-15,2001-05-15 14:15:00,True,False,4.5,4.0,2001-05-20,-50.0,-12.92980842008815,-7.49868528025014,BauerSwanson2023_MPS_FRBSF,True,statement,,-10.002088118605137,-3.2410990209572286,0.6619403677071829
FOMC20010627,2001-06-27,2001-06-27 14:12:00,True,False,4.0,3.75,2001-07-02,-25.0,8.620108012999529,11.01178921009752,BauerSwanson2023_MPS_FRBSF,True,statement,,5.148024427162168,1.067949465500486,0.38405700363781997
FOMC20010821,2001-08-21,2001-08-21 14:15:00,True,False,3.75,3.5,2001-08-26,-25.0,-2.763526133477282,0.05336594537936959,BauerSwanson2023_MPS_FRBSF,True,statement,,-3.1455560774489846,-0.18942640301512725,-0.12325508400376653
FOMC20010917,2001-09-17,2001-09-17 08:20:00,False,True,3.5,3.0,2001-09-22,-50.0,,,unavailable,True,statement,,-29.56698664440735,-12.45088339222615,2.187852027265925
FOMC20011002,2001-10-02,2001-10-02 14:15:00,True,False,3.0,2.5,2001-10-07,-50.0,-5.415452480987873,-0.3373737071128147,BauerSwanson2023_MPS_FRBSF,True,statement,,-4.647694073455759,0.5516381537512371,1.5658740201475736
FOMC20011106,2001-11-06,2001-11-06 14:20:00,True,False,2.5,2.0,2001-11-11,-50.0,-15.31780670932776,-9.235068069572382,BauerSwanson2023_MPS_FRBSF,True,statement,,-9.990089714166492,-3.4138841196217613,0.3442568363261295
FOMC20011211,2001-12-11,2001-12-11 14:15:00,True,False,2.0,1.75,2001-12-16,-25.0,-6.1780847702886295,-0.1627546700758167,BauerSwanson2023_MPS_FRBSF,True,statement,,-7.418614357262104,-3.9448047753171913,-2.586948712164883
FOMC20020130,2002-01-30,2002-01-30 14:15:00,True,False,1.75,1.75,2002-02-04,0.0,3.655570412953225,5.326018565346504,BauerSwanson2023_MPS_FRBSF,True,statement,,-1.5542627569654597,-0.66423451927423,-0.5032152470838457
FOMC20020319,2002-03-19,2002-03-19 14:15:00,True,False,1.75,1.75,2002-03-24,0.0,-6.075416465779229,-7.426141032450022,BauerSwanson2023_MPS_FRBSF,True,statement,,-5.838334290038094,-3.633819604591506,-2.113775420279151
FOMC20020507,2002-05-07,2002-05-07 14:15:00,True,False,1.75,1.75,2002-05-12,0.0,-3.636059712963961,-3.013563213181957,BauerSwanson2023_MPS_FRBSF,True,statement,,-2.3344464155274967,-1.6216705222482135,-1.5202877074973777
FOMC20020626,2002-06-26,2002-06-26 14:15:00,True,False,1.75,1.75,2002-07-01,0.0,2.088668761949472,4.818044197313411,BauerSwanson2023_MPS_FRBSF,True,statement,,0.30972874282733437,1.022743663713167,-0.12378705083623118
FOMC20020813,2002-08-13,2002-08-13 14:15:00,True,False,1.75,1.75,2002-08-18,0.0,-11.0570643596229,-7.62752976072731,BauerSwanson2023_MPS_FRBSF,True,statement,,-9.151499348109517,-4.771013826062511,-3.588204232503351
FOMC20020924,2002-09-24,2002-09-24 14:15:00,True,False,1.75,1.75,2002-09-29,0.0,-0.3916403914003574,0.7828838628495975,BauerSwanson2023_MPS_FRBSF,True,statement,,-1.9779944725452365,-1.2911156972152156,-0.5471922194225552
FOMC20021106,2002-11-06,2002-11-06 14:15:00,True,False,1.75,1.25,2002-11-11,-50.0,-7.464308822348688,-8.67633582791446,BauerSwanson2023_MPS_FRBSF,True,statement,,-8.646295040934454,-5.503530523385727,-4.954784984711471
FOMC20021210,2002-12-10,2002-12-10 14:15:00,True,False,1.25,1.25,2002-12-15,0.0,2.948884165343439,4.413351536448255,BauerSwanson2023_MPS_FRBSF,True,statement,,1.5258382437294675,0.885678905172854,0.8052117316581531
FOMC20030129,2003-01-29,2003-01-29 14:15:00,True,False,1.25,1.25,2003-02-03,0.0,5.99567239937267,6.561707770620936,BauerSwanson2023_MPS_FRBSF,True,statement,,4.547843771184231,3.859465396355092,4.213529130501731
FOMC20030318,2003-03-18,2003-03-18 14:15:00,True,False,1.25,1.25,2003-03-23,0.0,0.7696581798737435,3.9202536884542156,BauerSwanson2023_MPS_FRBSF,True,statement,,-1.3668265721138806,-1.7431800517309481,-0.8956461533507228
FOMC20030506,2003-05-06,2003-05-06 14:15:00,True,False,1.25,1.25,2003-05-11,0.0,-8.542451558506801,-8.544372192909455,BauerSwanson2023_MPS_FRBSF,True,statement,,-8.76016684045881,-4.582155319528285,-2.7502546457817028
FOMC20030625,2003-06-25,2003-06-25 14:15:00,True,False,1.25,1.0,2003-06-30,-25.0,14.542731137118132,13.551522114904971,BauerSwanson2023_MPS_FRBSF,True,statement,,8.191533729538108,3.163724955271606,0.8267838307254284
FOMC20030812,2003-08-12,2003-08-12 14:15:00,True,False,1.0,1.0,2003-08-17,0.0,-3.056888727764746,-2.116740475956509,BauerSwanson2023_MPS_FRBSF,True,statement,,-5.120502659297111,-3.1208487439050923,-1.7947413757742319
FOMC20030916,2003-09-16,2003-09-16 14:15:00,True,False,1.0,1.0,2003-09-21,0.0,0.44016585220000004,2.429243156557589,BauerSwanson2023_MPS_FRBSF,True,statement,,-1.1379040667361835,-0.8028097062579821,-0.7143242051633762
FOMC20031028,2003-10-28,2003-10-28 14:15:00,True,False,1.0,1.0,2003-11-02,0.0,-8.265420806491734,-10.70057137341867,BauerSwanson2023_MPS_FRBSF,True,statement,,-10.635657297804663,-7.448787905894981,-6.083034842070986
FOMC20031209,2003-12-09,2003-12-09 14:15:00,True,False,1.0,1.0,2003-12-14,0.0,4.343873382200487,2.829649394227574,BauerSwanson2023_MPS_FRBSF,True,statement,,5.539737171464331,8.774113493322417,8.098148510333138
FOMC20040128,2004-01-28,2004-01-28 14:15:00,True,False,1.0,1.0,2004-02-02,0.0,15.19061173826187,14.097104960832441,BauerSwanson2023_MPS_FRBSF,True,statement,,20.491709250182502,16.362148546879595,13.800831492789397
FOMC20040316,2004-03-16,2004-03-16 14:15:00,True,False,1.0,1.0,2004-03-21,0.0,-5.649664469607895,-7.324810131363424,BauerSwanson2023_MPS_FRBSF,True,statement,,-7.572613026020754,-6.254572241414347,-4.7496258319268865
FOMC20040504,2004-05-04,2004-05-04 14:15:00,True,False,1.0,1.0,2004-05-09,0.0,0.8122202907740314,-2.642790972825958,BauerSwanson2023_MPS_FRBSF,True,statement,,0.0,0.9984085221074248,2.7599434851895053
FOMC20040630,2004-06-30,2004-06-30 14:15:00,True,False,1.0,1.25,2004-07-05,25.0,-1.248962174258432,-1.321237031367807,BauerSwanson2023_MPS_FRBSF,True,statement,,0.0,2.207041040603591,2.4177622113147357
FOMC20040810,2004-08-10,2004-08-10 14:15:00,True,False,1.25,1.5,2004-08-15,25.0,5.554833528849398,6.959608292299077,BauerSwanson2023_MPS_FRBSF,True,statement,,4.806217724688331,2.0484102196508114,1.0322313445562403
FOMC20040921,2004-09-21,2004-09-21 14:15:00,True,False,1.5,1.75,2004-09-26,25.0,-1.138875058261853,-1.618539541679602,BauerSwanson2023_MPS_FRBSF,True,statement,,-1.5404235343208845,-2.556726817938181,-3.2360580595874717
FOMC20041110,2004-11-10,2004-11-10 14:15:00,True,False,1.75,2.0,2004-11-15,25.0,-2.0739799872934688,-5.981742048004427,BauerSwanson2023_MPS_FRBSF,True,statement,,-3.0945325542570954,-2.586414379352724,-2.831106399164799
FOMC20041214,2004-12-14,2004-12-14 14:15:00,True,False,2.0,2.25,2004-12-19,25.0,-0.4692132284460252,-2.041286251336023,BauerSwanson2023_MPS_FRBSF,True,statement,,-1.1658493322203674,-1.2444969960373258,-1.335641472603565
FOMC20050202,2005-02-02,2005-02-02 14:15:00,True,False,2.25,2.5,2005-02-07,25.0,-1.065143778702685,-2.7025862973392543,BauerSwanson2023_MPS_FRBSF,True,statement,,-1.755009392611146,-1.8700008958394656,-2.2904575624458907
FOMC20050322,2005-03-22,2005-03-22 14:15:00,True,False,2.5,2.75,2005-03-27,25.0,8.966406053744343,6.368093118696994,BauerSwanson2023_MPS_FRBSF,True,statement,,8.073169458796512,9.043414464623583,8.976486860304286
FOMC20050503,2005-05-03,2005-05-03 14:15:00,True,False,2.75,3.0,2005-05-08,25.0,2.857297016585231,1.911392035641188,BauerSwanson2023_MPS_FRBSF,True,statement,,2.551223840091853,0.5386281218365178,0.0
FOMC20050630,2005-06-30,2005-06-30 14:15:00,True,False,3.0,3.25,2005-07-05,25.0,5.958974523589293,5.543219314958431,BauerSwanson2023_MPS_FRBSF,True,statement,,4.317973071704415,0.5280613222612585,-1.1499286054259876
FOMC20050809,2005-08-09,2005-08-09 14:15:00,True,False,3.25,3.5,2005-08-14,25.0,-0.8525514809080582,-3.3920382276034,BauerSwanson2023_MPS_FRBSF,True,statement,,-1.583307234575634,-1.823573207363097,-1.8716624776160156
FOMC20050920,2005-09-20,2005-09-20 14:15:00,True,False,3.5,3.75,2005-09-25,25.0,2.752840085075491,1.317739075710647,BauerSwanson2023_MPS_FRBSF,True,statement,,2.1708857456025887,0.18101205807352733,-2.2873400398549855
FOMC20051101,2005-11-01,2005-11-01 14:15:00,True,False,3.75,4.0,2005-11-06,25.0,1.542314856209553,-0.40037533816321524,BauerSwanson2023_MPS_FRBSF,True,statement,,0.9938919342208301,0.2781453543753057,-0.33873015616281044
FOMC20051213,2005-12-13,2005-12-13 14:15:00,True,False,4.0,4.25,2005-12-18,25.0,-1.892253019246445,-4.093190657354366,BauerSwanson2023_MPS_FRBSF,True,statement,,-2.3875026101482564,-1.577498134280347,-0.7901306381637946
FOMC20060131,2006-01-31,2006-01-31 14:15:00,True,False,4.25,4.5,2006-02-05,25.0,4.173500403379169,2.8060257716862247,BauerSwanson2023_MPS_FRBSF,True,statement,,3.583241973375098,3.1523264045305357,2.5713917151748715
FOMC20060328,2006-03-28,2006-03-28 14:15:00,True,False,4.5,4.75,2006-04-02,25.0,5.946041760497982,4.77093677554792,BauerSwanson2023_MPS_FRBSF,True,statement,,5.596512295723907,4.150074198335377,3.1120719783479767
FOMC20060510,2006-05-10,2006-05-10 14:15:00,True,False,4.75,5.0,2006-05-15,25.0,6.664665647831952,5.323660542294224,BauerSwanson2023_MPS_FRBSF,True,statement,,5.214035820583781,3.747105021413137,2.771277382458793
FOMC20060629,2006-06-29,2006-06-29 14:15:00,True,False,5.0,5.25,2006-07-04,25.0,-3.3348901198297245,-3.017627238828417,BauerSwanson2023_MPS_FRBSF,True,statement,,-4.029453235155883,-1.358195808181559,0.0
FOMC20060808,2006-08-08,2006-08-08 14:15:00,True,False,5.25,5.25,2006-08-13,0.0,-2.471486984785438,-2.5798282835424238,BauerSwanson2023_MPS_FRBSF,True,statement,,-3.4059106098579783,-0.8529521891260281,0.7004297865746744
FOMC20060920,2006-09-20,2006-09-20 14:15:00,True,False,5.25,5.25,2006-09-25,0.0,2.7945467504056807,2.860316722128245,BauerSwanson2023_MPS_FRBSF,True,statement,,1.997702589807853,1.124052786226094,0.34161848304720505
FOMC20061025,2006-10-25,2006-10-25 14:15:00,True,False,5.25,5.25,2006-10-30,0.0,-0.14752893802194642,-0.3963839960290805,BauerSwanson2023_MPS_FRBSF,True,statement,,-0.8009085213032582,-1.413370135816641,-1.4919354838709677
FOMC20061212,2006-12-12,2006-12-12 14:15:00,True,False,5.25,5.25,2006-12-17,0.0,-2.585093460954916,-4.041995585594996,BauerSwanson2023_MPS_FRBSF,True,statement,,-5.17562911141276,-3.042153181420709,-2.537450173588788
FOMC20070131,2007-01-31,2007-01-31 14:15:00,True,False,5.25,5.25,2007-02-05,0.0,-0.06781748705103507,-0.4185234447026401,BauerSwanson2023_MPS_FRBSF,True,statement,,-0.801639515455305,-1.1345704662476932,-1.3872522328503278
FOMC20070321,2007-03-21,2007-03-21 14:15:00,True,False,5.25,5.25,2007-03-26,0.0,-8.95954007185837,-7.334617458600944,BauerSwanson2023_MPS_FRBSF,True,statement,,-8.158183241973376,-4.1619054972205065,-3.4725294241108187
FOMC20070509,2007-05-09,2007-05-09 14:15:00,True,False,5.25,5.25,2007-05-14,0.0,5.027431796450117,4.595318636465364,BauerSwanson2023_MPS_FRBSF,True,statement,,4.19067509006422,2.140345453842884,1.4738248512085508
FOMC20070628,2007-06-28,2007-06-28 14:15:00,True,False,5.25,5.25,2007-07-03,0.0,2.437602927685786,0.8689827703031419,BauerSwanson2023_MPS_FRBSF,True,meeting,,2.204010234452509,0.7677072148410717,0.4794764630050827
FOMC20070807,2007-08-07,2007-08-07 14:15:00,True,False,5.25,5.25,2007-08-09,0.0,-1.0165237605305089,1.247616256392795,BauerSwanson2023_MPS_FRBSF,True,statement,,-3.979378752283999,-0.8415388581002707,-0.11509522880915238
FOMC20070810,2007-08-10,2007-08-10 09:15:00,False,True,5.25,5.25,2007-08-15,0.0,1.287588170299687,3.888509960415445,BauerSwanson2023_MPS_FRBSF,True,statement,,0.3975150091359959,-1.0289894302655322,-0.69800483922214
FOMC20070817,2007-08-17,2007-08-17 08:00:00,False,True,5.25,5.25,2007-08-22,0.0,-2.814747382500353,1.10739003476249,BauerSwanson2023_MPS_FRBSF,True,press_release,Federal Reserve Board discount rate action,-1.780654591011119,1.293589314666598,1.9592500711700358
FOMC20070918,2007-09-18,2007-09-18 14:15:00,True,False,5.25,4.75,2007-09-23,-50.0,-17.27118035008592,-13.52613369036928,BauerSwanson2023_MPS_FRBSF,True,statement,,-11.64309201941646,-1.556354300385109,1.907476695803632
FOMC20071031,2007-10-31,2007-10-31 14:15:00,True,False,4.75,4.5,2007-11-05,-25.0,8.634961976358909,9.125807486711782,BauerSwanson2023_MPS_FRBSF,True,statement,,8.45929018789144,4.458154644205337,3.6792125539553835
FOMC20071211,2007-12-11,2007-12-11 14:15:00,True,False,4.5,4.25,2007-12-16,-25.0,8.160096932210894,10.12515266716567,BauerSwanson2023_MPS_FRBSF,True,statement,,-11.841185370689205,-6.702604080278653,-5.27988186933791
FOMC20080122,2008-01-22,2008-01-22 08:30:00,False,True,4.25,3.5,2008-01-27,-75.0,-8.48106826266895,-4.598409382744566,BauerSwanson2023_MPS_FRBSF,True,press_release,FOMC statement,-1.143214770001043,1.769613694663856,3.17103581067218
FOMC20080130,2008-01-30,2008-01-30 14:15:00,True,False,3.5,3.0,2008-02-04,-50.0,-10.55680869849384,-7.0241561918214295,BauerSwanson2023_MPS_FRBSF,True,statement,,-2.872111823919053,0.9413127609736225,1.3603621490688163
FOMC20080311,2008-03-11,2008-03-11 08:30:00,False,True,3.0,3.0,2008-03-16,0.0,8.9855598468189,10.91013192499562,BauerSwanson2023_MPS_FRBSF,True,statement,,11.964853731031964,7.263213973134441,5.123233703206538
FOMC20080318,2008-03-18,2008-03-18 14:15:00,True,False,3.0,2.25,2008-03-23,-75.0,3.313650780833365,5.905612216218422,BauerSwanson2023_MPS_FRBSF,True,statement,,-0.9468140577745334,-2.316519274806746,-2.5221626656772735
FOMC20080430,2008-04-30,2008-04-30 14:15:00,True,False,2.25,2.0,2008-05-05,-25.0,-6.517250459669629,-6.277227691133952,BauerSwanson2023_MPS_FRBSF,True,statement,,-1.7280408929689128,0.0,0.10717645370621344
FOMC20080625,2008-06-25,2008-06-25 14:15:00,True,False,2.0,2.0,2008-06-30,0.0,-4.977840580952502,-5.562776042545482,BauerSwanson2023_MPS_FRBSF,True,statement,,-6.5952008346374535,-1.4202409268779252,-1.2141571299987142
FOMC20080805,2008-08-05,2008-08-05 14:15:00,True,False,2.0,2.0,2008-08-10,0.0,-1.91299381958742,0.472262221219209,BauerSwanson2023_MPS_FRBSF,True,statement,,-0.7692347817015283,1.041435512874469,1.7851852444971137
FOMC20080916,2008-09-16,2008-09-16 14:15:00,True,False,2.0,2.0,2008-09-21,0.0,10.3027269644867,16.070258431026772,BauerSwanson2023_MPS_FRBSF,True,statement,,8.351585314977054,3.17982400527477,2.004792395019052
FOMC20081008,2008-10-08,2008-10-08 07:00:00,False,True,2.0,1.5,2008-10-13,-50.0,1.658071395530554,11.27973316985295,BauerSwanson2023_MPS_FRBSF,True,statement,,3.214632111383428,3.4732332955110468,3.9414638020729913
FOMC20081029,2008-10-29,2008-10-29 14:15:00,True,False,1.5,1.0,2008-11-03,-50.0,-4.698500987771537,6.882918671767962,BauerSwanson2023_MPS_FRBSF,True,statement,,-6.237355302951299,-6.254706986124763,-4.354898158683354
FOMC20081216,2008-12-16,2008-12-16 14:15:00,True,False,1.0,0.125,2008-12-21,-87.5,-24.95409644351183,-11.95047378879351,BauerSwanson2023_MPS_FRBSF,True,meeting,,-12.385866166353972,-11.845437126648383,-3.5189468336000127
FOMC20090128,2009-01-28,2009-01-28 14:15:00,True,False,0.125,0.125,2009-02-02,0.0,-0.06330734820798846,2.758331527722269,BauerSwanson2023_MPS_FRBSF,True,statement,,-0.9344766472060049,1.4277252678008823,1.7669091471908371
FOMC20090318,2009-03-18,2009-03-18 14:15:00,True,False,0.125,0.125,2009-03-23,0.0,-5.812454019834648,-2.669843195218831,BauerSwanson2023_MPS_FRBSF,True,statement,,-7.501563803169307,-29.574281049855582,-31.74116159669437
FOMC20090429,2009-04-29,2009-04-29 14:15:00,True,False,0.125,0.125,2009-05-04,0.0,2.611521858483146,3.476349849040419,BauerSwanson2023_MPS_FRBSF,True,statement,,2.997341396027733,6.42843594704298,6.516973042583765
FOMC20090624,2009-06-24,2009-06-24 14:15:00,True,False,0.125,0.125,2009-06-29,0.0,5.491943584872819,6.010650546473328,BauerSwanson2023_MPS_FRBSF,True,statement,,4.905437105770735,8.447695758564437,7.555115817022669
FOMC20090812,2009-08-12,2009-08-12 14:15:00,True,False,0.125,0.125,2009-08-17,0.0,-0.5978867369350781,0.5948560131932316,BauerSwanson2023_MPS_FRBSF,True,statement,,-0.5648297794692665,2.31640575283187,2.722597825047039
FOMC20090923,2009-09-23,2009-09-23 14:15:00,True,False,0.125,0.125,2009-09-28,0.0,-9.863125845306204,-9.63890124851424,BauerSwanson2023_MPS_FRBSF,True,statement,,-9.207151793160968,-6.272282574169366,-6.334515067105595
FOMC20091104,2009-11-04,2009-11-04 14:15:00,True,False,0.125,0.125,2009-11-09,0.0,-1.299005780397804,0.07028995507070995,BauerSwanson2023_MPS_FRBSF,True,statement,,-3.7444091122347913,1.3469890534122368,2.5150585655027737
FOMC20091216,2009-12-16,2009-12-16 14:15:00,True,False,0.125,0.125,2009-12-21,0.0,1.5129735533885948,0.6268429902530792,BauerSwanson2023_MPS_FRBSF,True,statement,,0.9372426374771958,2.9572033790811534,2.950908124320593
FOMC20100127,2010-01-27,2010-01-27 14:15:00,True,False,0.125,0.125,2010-02-01,0.0,3.805560811759291,6.618308554029795,BauerSwanson2023_MPS_FRBSF,True,statement,,5.2364072355731635,3.1984808454425364,2.0922771490966845
FOMC20100316,2010-03-16,2010-03-16 14:15:00,True,False,0.125,0.125,2010-03-21,0.0,-3.06178735055526,-1.845404861211512,BauerSwanson2023_MPS_FRBSF,True,statement,,-4.315366972477063,-2.5373210050353237,-0.21084910145478752
FOMC20100428,2010-04-28,2010-04-28 14:15:00,True,False,0.125,0.125,2010-05-03,0.0,0.10951527844777549,0.06589837417751872,BauerSwanson2023_MPS_FRBSF,True,statement,,-0.7501303305181941,0.5936204836126013,0.9503875722221337
FOMC20100623,2010-06-23,2010-06-23 14:15:00,True,False,0.125,0.125,2010-06-28,0.0,1.559089176787364,2.876572274298416,BauerSwanson2023_MPS_FRBSF,True,statement,,-0.7451266548524965,-0.6517331175890577,-0.3896232598788938
FOMC20100810,2010-08-10,2010-08-10 14:15:00,True,False,0.125,0.125,2010-08-15,0.0,-1.618372540262027,-1.058775061792081,BauerSwanson2023_MPS_FRBSF,True,statement,,-1.1145567311200293,-6.064309086332746,-5.468988954970263
FOMC20100921,2010-09-21,2010-09-21 14:15:00,True,False,0.125,0.125,2010-09-26,0.0,-0.21576971089130517,-1.9785785409824501,BauerSwanson2023_MPS_FRBSF,True,statement,,-1.299718574108818,-1.4951214605441834,-0.27411058393600196
FOMC20101103,2010-11-03,2010-11-03 14:15:00,True,False,0.125,0.125,2010-11-08,0.0,0.5789649284985735,-0.7698665997225884,BauerSwanson2023_MPS_FRBSF,True,statement,,-0.555242860120909,1.548926014319809,11.988674062987025
FOMC20101214,2010-12-14,2010-12-14 14:15:00,True,False,0.125,0.125,2010-12-19,0.0,0.517070107889121,-0.6553881205525279,BauerSwanson2023_MPS_FRBSF,True,statement,,-1.1177421036172208,0.3301523819166709,0.9213628442790346
FOMC20110126,2011-01-26,2011-01-26 14:15:00,True,False,0.125,0.125,2011-01-31,0.0,-0.2519239275948007,-0.7124744323667906,BauerSwanson2023_MPS_FRBSF,True,statement,,-3.162774940060461,0.16444078739160706,1.7455134793264289
FOMC20110315,2011-03-15,2011-03-15 14:15:00,True,False,0.125,0.125,2011-03-20,0.0,1.577372768771453,0.3165068702968454,BauerSwanson2023_MPS_FRBSF,True,statement,,2.9771199249491844,2.5389543920840127,1.4142619399001475
FOMC20110427,2011-04-27,2011-04-27 12:30:00,True,False,0.125,0.125,2011-05-02,0.0,-0.2546691809397052,-2.592868204445226,BauerSwanson2023_MPS_FRBSF,True,statement,,-2.046440112582091,-1.5597630739634485,-0.9104662248942189
FOMC20110622,2011-06-22,2011-06-22 12:30:00,True,False,0.125,0.125,2011-06-27,0.0,1.396011581572592,2.1789542196829643,BauerSwanson2023_MPS_FRBSF,True,statement,,1.6679174484052532,2.144405788332577,1.4545653157722258
FOMC20110809,2011-08-09,2011-08-09 14:15:00,True,False,0.125,0.125,2011-08-14,0.0,-1.15449982215514,-0.8492975482646273,BauerSwanson2023_MPS_FRBSF,True,statement,,-9.418447107868683,-5.694870286708299,2.9007952800206804
FOMC20110921,2011-09-21,2011-09-21 14:15:00,True,False,0.125,0.125,2011-09-26,0.0,6.993551336086035,6.37589553476803,BauerSwanson2023_MPS_FRBSF,True,statement,,3.876595966439105,0.07472461596103411,-6.6034007318410985
FOMC20111102,2011-11-02,2011-11-02 12:30:00,True,False,0.125,0.125,2011-11-07,0.0,2.33082846561619,1.891459902409567,BauerSwanson2023_MPS_FRBSF,True,statement,,1.6622544165928395,1.2752970606629142,0.16633763337151125
FOMC20111213,2011-12-13,2011-12-13 14:15:00,True,False,0.125,0.125,2011-12-18,0.0,1.7474648976026779,1.7581064461851652,BauerSwanson2023_MPS_FRBSF,True,statement,,0.1845119599770702,-0.5987581054236061,-1.7263085151132747
FOMC20120125,2012-01-25,2012-01-25 12:30:00,True,False,0.125,0.125,2012-01-30,0.0,-1.162951957444135,-3.4932778175200374,BauerSwanson2023_MPS_FRBSF,True,statement,,-2.0289734236581554,-4.928304434248853,-2.816983122362869
FOMC20120313,2012-03-13,2012-03-13 14:15:00,True,False,0.125,0.125,2012-03-18,0.0,2.150466746481436,-0.9290356601912141,BauerSwanson2023_MPS_FRBSF,True,statement,,0.9249048934285267,3.6756871670459947,3.637619770312819
FOMC20120425,2012-04-25,2012-04-25 12:30:00,True,False,0.125,0.125,2012-04-30,0.0,1.298203402831142,0.144703561831885,BauerSwanson2023_MPS_FRBSF,True,statement,,0.0,1.0377035667898893,1.3264637425711252
FOMC20120620,2012-06-20,2012-06-20 12:30:00,True,False,0.125,0.125,2012-06-25,0.0,2.865960499404993,3.4196564276282877,BauerSwanson2023_MPS_FRBSF,True,statement,,2.4030434102871436,-1.3879442430584104,-4.30311452628137
FOMC20120801,2012-08-01,2012-08-01 14:15:00,True,False,0.125,0.125,2012-08-06,0.0,2.274299229419881,1.051198305885582,BauerSwanson2023_MPS_FRBSF,True,statement,,1.8456407316691854,2.6042224574951733,0.8452229913711874
FOMC20120913,2012-09-13,2012-09-13 12:30:00,True,False,0.125,0.125,2012-09-18,0.0,2.3967517079256933,-0.6768331510817065,BauerSwanson2023_MPS_FRBSF,True,statement,,2.7693991349210485,6.540507543385367,7.755891401093157
FOMC20121024,2012-10-24,2012-10-24 14:15:00,True,False,0.125,0.125,2012-10-29,0.0,0.8949178536613452,-0.6970015570224778,BauerSwanson2023_MPS_FRBSF,True,statement,,-0.3696127989994268,-0.6628812459441921,0.2369164697022793
FOMC20121212,2012-12-12,2012-12-12 12:30:00,True,False,0.125,0.125,2012-12-17,0.0,0.40683896939853226,-1.20752441515516,BauerSwanson2023_MPS_FRBSF,True,statement,,0.0,1.387746454298462,3.436712858045101
FOMC20130130,2013-01-30,2013-01-30 14:15:00,True,False,0.125,0.125,2013-02-04,0.0,0.5787240699270754,-1.352328429286074,BauerSwanson2023_MPS_FRBSF,True,statement,,-0.5542758872270571,-0.8937621832358675,-0.904526390162505
FOMC20130320,2013-03-20,2013-03-20 14:00:00,True,False,0.125,0.125,2013-03-25,0.0,1.165991137363973,-1.2301361565007152,BauerSwanson2023_MPS_FRBSF,True,statement,,-0.18472562405544843,-0.4458311470904231,-0.6566610049752739
FOMC20130501,2013-05-01,2013-05-01 14:00:00,True,False,0.125,0.125,2013-05-06,0.0,0.7611815612675321,0.051248229303208284,BauerSwanson2023_MPS_FRBSF,True,statement,,0.3690151120375195,1.0196415663401381,1.399513794410866
FOMC20130619,2013-06-19,2013-06-19 14:00:00,True,False,0.125,0.125,2013-06-24,0.0,1.085611105036515,-0.002811761798215441,BauerSwanson2023_MPS_FRBSF,True,statement,,2.032727083224764,5.5442794038516885,3.9155323653962486
FOMC20130731,2013-07-31,2013-07-31 14:00:00,True,False,0.125,0.125,2013-08-05,0.0,0.5829933501986241,0.49081528014150455,BauerSwanson2023_MPS_FRBSF,True,statement,,-0.5545364531762988,-2.56956920486953,-1.9726813590449956
FOMC20130918,2013-09-18,2013-09-18 14:00:00,True,False,0.125,0.125,2013-09-23,0.0,-0.3920061722485202,-0.964338726904775,BauerSwanson2023_MPS_FRBSF,True,statement,,-3.7025379123456146,-11.267177490265041,-6.958816994215224
FOMC20131030,2013-10-30,2013-10-30 14:00:00,True,False,0.125,0.125,2013-11-04,0.0,0.8827785942032457,-1.1388167654038521,BauerSwanson2023_MPS_FRBSF,True,statement,,0.5541716608473605,3.6825727442689185,3.0884913845777833
FOMC20131218,2013-12-18,2013-12-18 14:00:00,True,False,0.125,0.125,2013-12-23,0.0,1.1855107112866878,-1.3958306490834649,BauerSwanson2023_MPS_FRBSF,True,statement,,-1.1100109437698682,-0.4744129890709695,0.9297826422074918
FOMC20140129,2014-01-29,2014-01-29 14:00:00,True,False,0.125,0.125,2014-02-03,0.0,0.8364368677533439,1.1259099734993,BauerSwanson2023_MPS_FRBSF,True,statement,,-0.18496977277465082,-0.7050087398297306,-1.8880818853237717
FOMC20140319,2014-03-19,2014-03-19 14:00:00,True,False,0.125,0.125,2014-03-24,0.0,2.5487715923035963,0.43232551993392576,BauerSwanson2023_MPS_FRBSF,True,statement,,6.117886178861788,6.108447531679817,3.2571021421347797
FOMC20140430,2014-04-30,2014-04-30 14:00:00,True,False,0.125,0.125,2014-05-05,0.0,1.158548880962471,-0.6480305573418413,BauerSwanson2023_MPS_FRBSF,True,statement,,0.3703773191578069,0.6333148628567111,0.6202413687748243
FOMC20140618,2014-06-18,2014-06-18 14:00:00,True,False,0.125,0.125,2014-06-23,0.0,1.6713541455467689,1.169381582373922,BauerSwanson2023_MPS_FRBSF,True,statement,,1.6710444027517197,0.8706807600352334,-1.2279379292490902
FOMC20140730,2014-07-30,2014-07-30 14:00:00,True,False,0.125,0.125,2014-08-04,0.0,0.2534390805879948,-0.2773696290569921,BauerSwanson2023_MPS_FRBSF,True,statement,,-0.7427424818887789,-1.1049994334562945,-1.3799208260833224
FOMC20140917,2014-09-17,2014-09-17 14:00:00,True,False,0.125,0.125,2014-09-22,0.0,2.477785566089332,3.728890836242925,BauerSwanson2023_MPS_FRBSF,True,statement,,3.7216865586073906,2.8508114777835134,1.4815771873289962
FOMC20141029,2014-10-29,2014-10-29 14:00:00,True,False,0.125,0.125,2014-11-03,0.0,3.305929168837803,4.773308619697925,BauerSwanson2023_MPS_FRBSF,True,statement,,4.077552509511649,3.4939320083419183,0.5856036556399256
FOMC20141217,2014-12-17,2014-12-17 14:00:00,True,False,0.125,0.125,2014-12-22,0.0,-5.302908156634407,-4.034868037016188,BauerSwanson2023_MPS_FRBSF,True,statement,,-7.254390993902122,-2.8461538461538463,0.24112134166392635
FOMC20150128,2015-01-28,2015-01-28 14:00:00,True,False,0.125,0.125,2015-02-02,0.0,-0.1396589588353958,1.882919882907142,BauerSwanson2023_MPS_FRBSF,True,statement,,-1.29853546672226,-1.4270171577209745,-1.3859442481350608
FOMC20150318,2015-03-18,2015-03-18 14:00:00,True,False,0.125,0.125,2015-03-23,0.0,-6.47727916879685,-5.536050118368419,BauerSwanson2023_MPS_FRBSF,True,statement,,-8.195747342088806,-5.2777186368930575,-4.16635017090771
FOMC20150429,2015-04-29,2015-04-29 14:00:00,True,False,0.125,0.125,2015-05-04,0.0,0.565363584050716,1.830849215075929,BauerSwanson2023_MPS_FRBSF,True,statement,,-0.18568301454109554,-0.15250222461742846,-0.5721589996055687
FOMC20150617,2015-06-17,2015-06-17 14:00:00,True,False,0.125,0.125,2015-06-22,0.0,-3.806704486856898,-5.107212023630499,BauerSwanson2023_MPS_FRBSF,True,statement,,-5.033199562203576,-5.311209050614632,-4.304497246960571
FOMC20150729,2015-07-29,2015-07-29 14:00:00,True,False,0.125,0.125,2015-08-03,0.0,-0.33779446661206775,2.025825937948116,BauerSwanson2023_MPS_FRBSF,True,statement,,-1.4880120921505264,-1.6247237291541088,-1.7165025937278942
FOMC20150917,2015-09-17,2015-09-17 14:00:00,True,False,0.125,0.125,2015-09-22,0.0,-5.824531337355863,-3.6654556709115256,BauerSwanson2023_MPS_FRBSF,True,statement,,-5.404982799958303,-3.779458428967403,-1.2815828631200554
FOMC20151028,2015-10-28,2015-10-28 14:00:00,True,False,0.125,0.125,2015-11-02,0.0,5.324370606335366,6.299781216505018,BauerSwanson2023_MPS_FRBSF,True,statement,,5.95121442718649,3.050902708124373,-0.4356675675477723
FOMC20151216,2015-12-16,2015-12-16 14:00:00,True,False,0.125,0.375,2015-12-21,25.0,2.867484526331637,3.898968066254326,BauerSwanson2023_MPS_FRBSF,True,statement,,-0.5616659716430358,-1.9496689407359946,-3.7166944748660424
FOMC20160127,2016-01-27,2016-01-27 14:00:00,True,False,0.375,0.375,2016-02-01,0.0,-2.295904349264405,-0.7820052269825304,BauerSwanson2023_MPS_FRBSF,True,statement,,-3.7320823560072975,-2.283888749686795,-1.430418017702217
FOMC20160316,2016-03-16,2016-03-16 14:00:00,True,False,0.375,0.375,2016-03-21,0.0,-8.244695800074016,-8.486062367759448,BauerSwanson2023_MPS_FRBSF,True,statement,,-9.351055512118844,-6.850198474811857,-2.882842267531485
FOMC20160427,2016-04-27,2016-04-27 14:00:00,True,False,0.375,0.375,2016-05-02,0.0,1.8050904379405819,0.07382747196882644,BauerSwanson2023_MPS_FRBSF,True,statement,,1.4923638259056555,0.45301177677934495,-0.4206935676257528
FOMC20160615,2016-06-15,2016-06-15 14:00:00,True,False,0.375,0.375,2016-06-20,0.0,-3.957642822613571,-4.198971187714604,BauerSwanson2023_MPS_FRBSF,True,statement,,-5.024809757114563,-2.7337761242477963,-0.6633326622181316
FOMC20160727,2016-07-27,2016-07-27 14:00:00,True,False,0.375,0.375,2016-08-01,0.0,1.551646920385862,0.33645265101430544,BauerSwanson2023_MPS_FRBSF,True,statement,,0.5585322631085166,-0.6625575505009547,-1.2944531625070759
FOMC20160921,2016-09-21,2016-09-21 14:00:00,True,False,0.375,0.375,2016-09-26,0.0,-2.31420269676886,-1.897479624846609,BauerSwanson2023_MPS_FRBSF,True,statement,,-4.478186082877248,-3.2159812103343155,-2.990702815161563
FOMC20161102,2016-11-02,2016-11-02 14:00:00,True,False,0.375,0.375,2016-11-07,0.0,1.1542796006909228,1.294176310893675,BauerSwanson2023_MPS_FRBSF,True,statement,,0.5596038571800888,0.30058179543321867,1.0419528076333326
FOMC20161214,2016-12-14,2016-12-14 14:00:00,True,False,0.375,0.625,2016-12-19,25.0,4.684785985733802,3.802928969860147,BauerSwanson2023_MPS_FRBSF,True,statement,,6.770409759149203,6.354795228077246,3.651692901692902
FOMC20170201,2017-02-01,2017-02-01 14:00:00,True,False,0.625,0.625,2017-02-06,0.0,-1.396160133303073,-1.082978533163694,BauerSwanson2023_MPS_FRBSF,True,statement,,-2.8195610239299307,-0.9510938700454676,0.3852601284694922
FOMC20170315,2017-03-15,2017-03-15 14:00:00,True,False,0.625,0.875,2017-03-20,25.0,-5.097470070253262,-4.47768683037415,BauerSwanson2023_MPS_FRBSF,True,statement,,-6.981387831708462,-5.187839250406157,-1.964287040682171
FOMC20170503,2017-05-03,2017-05-03 14:00:00,True,False,0.875,0.875,2017-05-08,0.0,2.082081951118068,3.870623611876857,BauerSwanson2023_MPS_FRBSF,True,statement,,1.3167196705072728,1.486297838089369,1.1323054646463901
FOMC20170614,2017-06-14,2017-06-14 14:00:00,True,False,0.875,1.125,2017-06-19,25.0,2.853027736313682,3.3922699169138,BauerSwanson2023_MPS_FRBSF,True,statement,,3.0108440644387677,1.3120927955409936,0.29432959807439696
FOMC20170726,2017-07-26,2017-07-26 14:00:00,True,False,1.125,1.125,2017-07-31,0.0,-0.3393184935387119,-1.496316236373322,BauerSwanson2023_MPS_FRBSF,True,statement,,-2.0718978102189776,-1.5617733197581607,-0.15111600056113822
FOMC20170920,2017-09-20,2017-09-20 14:00:00,True,False,1.125,1.125,2017-09-25,0.0,5.80400776613257,6.3309797020998895,BauerSwanson2023_MPS_FRBSF,True,statement,,4.7162148070907195,3.7439061164999754,2.017332833064807
FOMC20171101,2017-11-01,2017-11-01 14:00:00,True,False,1.125,1.125,2017-11-06,0.0,1.3636989223555969,2.0305278312919652,BauerSwanson2023_MPS_FRBSF,True,statement,,0.37841276462613416,0.47183204953934454,0.45244445757940693
FOMC20171213,2017-12-13,2017-12-13 14:00:00,True,False,1.125,1.375,2017-12-18,25.0,0.0824094256295492,-0.164149079603168,BauerSwanson2023_MPS_FRBSF,True,statement,,-1.520832246962507,-1.5024230599786015,-0.9001546277888226
FOMC20180131,2018-01-31,2018-01-31 14:00:00,True,False,1.375,1.375,2018-02-05,0.0,1.624584696311818,0.3413748163650423,BauerSwanson2023_MPS_FRBSF,True,statement,,0.955512673411912,1.3823172581134366,1.8175721492388281
FOMC20180321,2018-03-21,2018-03-21 14:00:00,True,False,1.375,1.625,2018-03-26,25.0,0.3555165396009934,0.03591184391523046,BauerSwanson2023_MPS_FRBSF,True,statement,,-0.7675376832003338,1.897549547267777,2.6164834174477285
FOMC20180502,2018-05-02,2018-05-02 14:00:00,True,False,1.625,1.625,2018-05-07,0.0,0.18202533158868278,1.7651453575249152,BauerSwanson2023_MPS_FRBSF,True,statement,,-0.9611913828177977,-1.1601241763811454,-0.16383773264507212
FOMC20180613,2018-06-13,2018-06-13 14:00:00,True,False,1.625,1.875,2018-06-18,25.0,2.887292145242371,2.668415018402907,BauerSwanson2023_MPS_FRBSF,True,statement,,4.236607375723749,2.987455651292448,2.5488222569402716
FOMC20180801,2018-08-01,2018-08-01 14:00:00,True,False,1.875,1.875,2018-08-06,0.0,0.44565635888980903,0.5908842107191347,BauerSwanson2023_MPS_FRBSF,True,statement,,0.0,-0.4152627242187996,-0.4129909433791811
FOMC20180926,2018-09-26,2018-09-26 14:00:00,True,False,1.875,2.125,2018-10-01,25.0,0.4526708925062622,0.8590342533933978,BauerSwanson2023_MPS_FRBSF,True,statement,,-0.5803119620220146,-0.3341577879249112,0.5055399883686679
FOMC20181108,2018-11-08,2018-11-08 14:00:00,True,False,2.125,2.125,2018-11-13,0.0,1.681113932508126,1.999799437100521,BauerSwanson2023_MPS_FRBSF,True,statement,,0.7751865184953305,0.5895403919178064,0.5195094506029226
FOMC20181219,2018-12-19,2018-12-19 14:00:00,True,False,2.125,2.375,2018-12-24,25.0,2.965432382870117,6.176948451975297,BauerSwanson2023_MPS_FRBSF,True,statement,,0.3851069379238393,-1.5529387956439802,-2.591629899849437
FOMC20190130,2019-01-30,2019-01-30 14:00:00,True,False,2.375,2.375,2019-02-04,0.0,-1.963239045460708,-0.7441497044599557,BauerSwanson2023_MPS_FRBSF,True,statement,,-4.325804600698972,-2.4316028798787417,-0.7231281322462413
FOMC20190320,2019-03-20,2019-03-20 14:00:00,True,False,2.375,2.375,2019-03-25,0.0,-2.70331950090872,-0.6658895019254149,BauerSwanson2023_MPS_FRBSF,True,statement,,-6.038493636553307,-4.80375577374492,-3.3430111058036776
FOMC20190501,2019-05-01,2019-05-01 14:00:00,True,False,2.375,2.375,2019-05-06,0.0,-3.738035991202492,-3.294661528547486,BauerSwanson2023_MPS_FRBSF,True,statement,,-5.066291138580295,-2.462527576426095,-0.6286666318794772
FOMC20190619,2019-06-19,2019-06-19 14:00:00,True,False,2.375,2.375,2019-06-24,0.0,-7.928804816848131,-4.348478099501456,BauerSwanson2023_MPS_FRBSF,True,statement,,-7.487615372581738,-4.156150726384651,-3.0459105932234576
FOMC20190731,2019-07-31,2019-07-31 14:00:00,True,False,2.375,2.125,2019-08-05,-25.0,0.5759788165821709,0.5437118376253021,BauerSwanson2023_MPS_FRBSF,True,statement,,-0.0949363788068419,-0.07700908543318943,-0.14860790398729243
FOMC20190918,2019-09-18,2019-09-18 14:00:00,True,False,2.125,1.875,2019-09-23,-25.0,4.444573687081797,5.202630179024741,BauerSwanson2023_MPS_FRBSF,True,statement,,3.50075611409501,2.3403828806254383,1.2075793711572544
FOMC20191011,2019-10-11,2019-10-11 11:00:00,False,True,1.875,1.875,2019-10-16,0.0,0.41997769692073816,1.880117201605413,BauerSwanson2023_MPS_FRBSF,True,statement,,-0.85102721868808,-0.15049242282038766,0.2130283745913125
FOMC20191030,2019-10-30,2019-10-30 14:00:00,True,False,1.875,1.625,2019-11-04,-25.0,2.411208497943648,3.2310556130722707,BauerSwanson2023_MPS_FRBSF,True,statement,,1.0408280321201377,-0.07552957083479392,-0.8594332315157185
FOMC20191211,2019-12-11,2019-12-11 14:00:00,True,False,1.625,1.625,2019-12-16,0.0,0.5068825981427146,0.803695015798992,BauerSwanson2023_MPS_FRBSF,True,statement,,-0.7565439566169568,-0.4545761905358193,0.0
FOMC20200129,2020-01-29,2020-01-29 14:00:00,True,False,1.625,1.625,2020-02-03,0.0,1.3636989223555969,2.5097704563033547,BauerSwanson2023_MPS_FRBSF,True,statement,,0.2829249217935349,-0.37306437703873124,-0.49144117261757475
FOMC20200303,2020-03-03,2020-03-03 10:00:00,False,True,1.625,1.125,2020-03-08,-50.0,-14.33056674664805,,BauerSwanson2023_MPS_FRBSF,True,statement,,-8.573364607766482,-4.386180832680664,-2.36347743849141
FOMC20200315,2020-03-15,2020-03-15 17:00:00,False,True,1.125,0.125,2020-03-18,-100.0,-21.28820585527473,,BauerSwanson2023_MPS_FRBSF,True,statement,,-16.88486996403815,-13.33698071447223,-12.444007662671538
FOMC20200319,2020-03-19,2020-03-19 09:00:00,False,True,0.125,0.125,2020-03-22,0.0,-3.241048420851439,,BauerSwanson2023_MPS_FRBSF,True,press_release,Federal Reserve announces the establishment of temporary U.S. dollar liquidity arrangements with other central banks,-1.295512586647209,-2.8062252743151452,-3.589421828950859
FOMC20200323,2020-03-23,2020-03-23 08:00:00,False,True,0.125,0.125,2020-03-28,0.0,-2.404708296905838,,BauerSwanson2023_MPS_FRBSF,True,statement,,-1.4775380446112154,-5.548002976928802,-5.701677716429683
FOMC20200331,2020-03-31,2020-03-31 08:30:00,False,True,0.125,0.125,2020-04-05,0.0,-0.6326566045089596,,BauerSwanson2023_MPS_FRBSF,True,statement,,-0.3695033613007452,0.06985333316802837,0.1857604073331342
FOMC20200429,2020-04-29,2020-04-29 14:00:00,True,False,0.125,0.125,2020-05-04,0.0,0.2900210200765392,,BauerSwanson2023_MPS_FRBSF,True,statement,,0.46184272239303764,1.2541830891648695,1.8309839180871885
FOMC20200610,2020-06-10,2020-06-10 14:00:00,True,False,0.125,0.125,2020-06-15,0.0,0.5068825981427146,,BauerSwanson2023_MPS_FRBSF,True,statement,,-1.106884152378967,-1.4711059325185314,0.25385470402143245
FOMC20200729,2020-07-29,2020-07-29 14:00:00,True,False,0.125,0.125,2020-08-03,0.0,0.1569533090392728,,BauerSwanson2023_MPS_FRBSF,True,statement,,-0.276451276706618,-0.7619141979589814,-0.7951096360593425
FOMC20200827,2020-08-27,2020-08-27 09:10:00,False,True,0.125,0.125,2020-09-01,0.0,0.7937779207755673,,BauerSwanson2023_MPS_FRBSF,True,statement,,-0.27655028660760816,-0.902642472918371,-1.249785934467405
FOMC20200916,2020-09-16,2020-09-16 14:00:00,True,False,0.125,0.125,2020-09-21,0.0,0.8364368677533439,,BauerSwanson2023_MPS_FRBSF,True,statement,,0.0,0.41608452239397536,1.3854053168685594
FOMC20201105,2020-11-05,2020-11-05 14:00:00,True,False,0.125,0.125,2020-11-10,0.0,0.5696328643222645,,BauerSwanson2023_MPS_FRBSF,True,statement,,-0.1843512245961438,0.1394501326325706,0.06413147689709943
FOMC20201216,2020-12-16,2020-12-16 14:00:00,True,False,0.125,0.125,2020-12-21,0.0,0.9631586265307037,,BauerSwanson2023_MPS_FRBSF,True,statement,,0.27640437727983325,1.7576584397866797,2.6618911586109877
FOMC20210127,2021-01-27,2021-01-27 14:00:00,True,False,0.125,0.125,2021-02-01,0.0,0.6378736371916232,3.1383789805387683,BauerSwanson2023_MPS_FRBSF,True,statement,,0.0,0.0,-0.2636822003725787
FOMC20210317,2021-03-17,2021-03-17 14:00:00,True,False,0.125,0.125,2021-03-22,0.0,0.045971508635014084,-0.47685539379062447,BauerSwanson2023_MPS_FRBSF,True,statement,,-1.8439291297550806,-2.365159713737127,0.2959140226982426
FOMC20210428,2021-04-28,2021-04-28 14:00:00,True,False,0.125,0.125,2021-05-03,0.0,0.5764065393672196,-0.19361653641728438,BauerSwanson2023_MPS_FRBSF,True,statement,,-0.2766805627931214,-0.14792714744029858,-0.43722048710391653
FOMC20210616,2021-06-16,2021-06-16 14:00:00,True,False,0.125,0.125,2021-06-21,0.0,2.840219895499036,-2.436084170422365,BauerSwanson2023_MPS_FRBSF,True,statement,,2.768473163105784,5.451472055888224,3.5310585793020772
FOMC20210728,2021-07-28,2021-07-28 14:00:00,True,False,0.125,0.125,2021-08-02,0.0,1.010355798550703,-3.830446057708324,BauerSwanson2023_MPS_FRBSF,True,statement,,0.7382875605815832,1.0143099110767928,-0.20680373777532718
FOMC20210922,2021-09-22,2021-09-22 14:00:00,True,False,0.125,0.125,2021-09-27,0.0,0.818138520248889,2.099629588744711,BauerSwanson2023_MPS_FRBSF,True,statement,,0.2772265360362708,0.07310934849845355,-0.2074664691487122
FOMC20211103,2021-11-03,2021-11-03 14:00:00,True,False,0.125,0.125,2021-11-08,0.0,1.473218637770097,0.7773794789990324,BauerSwanson2023_MPS_FRBSF,True,statement,,1.1139313076562254,1.4951682064232226,3.4816939232728363
FOMC20211215,2021-12-15,2021-12-15 14:00:00,True,False,0.125,0.125,2021-12-20,0.0,5.750651506066214,6.645982303239956,BauerSwanson2023_MPS_FRBSF,True,statement,,3.2672261023663087,1.795688847235239,0.6309766022380467
FOMC20220126,2022-01-26,2022-01-26 14:00:00,True,False,0.125,0.125,2022-01-31,0.0,0.24367929362663718,-0.06532595794417691,BauerSwanson2023_MPS_FRBSF,True,statement,,-0.09374934834740904,1.2246759601992547,1.2616336907262076
FOMC20220316,2022-03-16,2022-03-16 14:00:00,True,False,0.125,0.375,2022-03-21,25.0,13.80725519334621,8.118209511187358,BauerSwanson2023_MPS_FRBSF,True,statement,,11.754276178556529,5.073354405671901,3.9836143433863698
FOMC20220504,2022-05-04,2022-05-04 14:00:00,True,False,0.375,0.875,2022-05-09,50.0,-2.309933416497311,-4.680882979982467,BauerSwanson2023_MPS_FRBSF,True,statement,,-4.1631279670301,-2.090691276954477,-0.3384100253960576
FOMC20220615,2022-06-15,2022-06-15 14:00:00,True,False,0.875,1.625,2022-06-20,75.0,9.362644638401534,8.070659554387213,BauerSwanson2023_MPS_FRBSF,True,statement,,4.410905296112705,1.8190733335031457,0.8160278318441662
FOMC20220727,2022-07-27,2022-07-27 14:00:00,True,False,1.625,2.375,2022-08-01,75.0,1.011879825477347,0.064612993623046,BauerSwanson2023_MPS_FRBSF,True,statement,,0.29129232535086347,0.16468384549182402,-0.08244336812971932
FOMC20220921,2022-09-21,2022-09-21 14:00:00,True,False,2.375,3.125,2022-09-26,75.0,13.45516280700031,11.84250921823904,BauerSwanson2023_MPS_FRBSF,True,statement,,9.6972702124328,2.3686664197310106,-1.2065958825889689
FOMC20221102,2022-11-02,2022-11-02 14:00:00,True,False,3.125,3.875,2022-11-07,75.0,-7.880877121534698,-8.162017576612529,BauerSwanson2023_MPS_FRBSF,True,statement,,-9.282096799457005,-4.788141572485985,-0.7109911445754605
FOMC20221214,2022-12-14,2022-12-14 14:00:00,True,False,3.875,4.375,2022-12-19,50.0,9.068973177479279,7.899419882741279,BauerSwanson2023_MPS_FRBSF,True,statement,,7.322509918563375,3.043605837926107,0.7355484541639394
FOMC20230201,2023-02-01,2023-02-01 14:00:00,True,False,4.375,4.625,2023-02-06,25.0,2.5870791784527,0.759644699950579,BauerSwanson2023_MPS_FRBSF,True,statement,,2.2807328913713003,1.126732572360375,1.195781765597237
FOMC20230322,2023-03-22,2023-03-22 14:00:00,True,False,4.625,4.875,2023-03-27,25.0,-5.988309944823337,-5.61336882111166,BauerSwanson2023_MPS_FRBSF,True,statement,,-8.984236350349724,-3.3067698555610896,-0.46225977160894993
FOMC20230503,2023-05-03,2023-05-03 14:00:00,True,False,4.875,5.125,2023-05-08,25.0,3.140019895024024,5.028748871022065,BauerSwanson2023_MPS_FRBSF,True,statement,,0.9864293543504358,1.2003259402612616,2.361131399487964
FOMC20230614,2023-06-14,2023-06-14 14:00:00,True,False,5.125,5.125,2023-06-19,0.0,9.786361082874622,8.055814252297584,BauerSwanson2023_MPS_FRBSF,True,statement,,11.574770258980784,5.4933254834704925,2.4883194825589077
FOMC20230726,2023-07-26,2023-07-26 14:00:00,True,False,5.125,5.375,2023-07-31,25.0,1.41242012130224,0.128037421987261,BauerSwanson2023_MPS_FRBSF,True,statement,,0.40192157067516054,0.0,-0.09676188399476668
FOMC20230920,2023-09-20,2023-09-20 14:00:00,True,False,5.375,5.375,2023-09-25,0.0,8.688559094996762,8.675408195851157,BauerSwanson2023_MPS_FRBSF,True,statement,,7.14293174578307,3.6750488532345984,1.6690699922354095
FOMC20231101,2023-11-01,2023-11-01 14:00:00,True,False,5.375,5.375,2023-11-06,0.0,-0.6228968175476018,0.6847026559492148,BauerSwanson2023_MPS_FRBSF,True,statement,,-1.509817232375979,-0.8502528901734104,0.0
FOMC20231213,2023-12-13,2023-12-13 14:00:00,True,False,5.375,5.375,2023-12-18,0.0,-8.186079481065965,-5.692176943725888,BauerSwanson2023_MPS_FRBSF,True,statement,,-13.741777174480527,-8.011426229088206,-6.026237666643044
